Activity Type,Date,Favorite,Title,Distance,Calories,Time,Avg HR,Max HR,Aerobic TE,Avg Run Cadence,Max Run Cadence,Avg Pace,Best Pace,Total Ascent,Total Descent,Avg Stride Length,Avg Vertical Ratio,Avg Vertical Oscillation,Avg Ground Contact Time,Avg GAP,Normalized Power® (NP®),Training Stress Score®,Avg Power,Max Power,Steps,Body Battery Drain,Decompression,Best Lap Time,Number of Laps,Moving Time,Elapsed Time,Min Elevation,Max Elevation
Running,2026-08-16 09:18:57,false,"Gremersdorf Running","8,76","763","00:59:47","149","168","3,7","152","161","6:49","5:48","78","77","0,96","9,1","8,8","319","6:46","342","0,0","335","488","9.006","'-15","No","00:01:36,3","18","00:59:43","00:59:47","'-1","36"
Running,2026-08-06 10:26:57,false,"Hamburg Running","7,40","643","00:51:29","145","157","3,4","148","161","6:58","5:31","26","30","0,98","9,1","8,9","324","6:52","328","0,0","325","482","7.590","'-13","No","00:02:48,9","15","00:51:13","00:53:54","0","9"
Running,2026-07-30 06:33:37,false,"Hamburg Running","10,14","890","01:09:56","150","163","3,8","149","172","6:54","5:55","35","35","0,98","9,1","8,9","323","6:50","321","0,0","319","443","10.320","'-20","No","00:01:01,1","21","01:09:44","01:11:08","1","11"
Running,2026-07-29 07:27:30,false,"Hamburg Running","5,45","473","00:37:25","144","156","3,2","146","161","6:52","5:48","18","18","1,00","9,0","9,0","327","6:47","323","0,0","320","447","5.460","'-10","No","00:03:12,1","11","00:37:12","00:38:55","1","7"
Running,2026-07-27 11:58:27,false,"Hamburg Running","11,27","989","01:15:47","152","163","4,2","151","166","6:44","5:35","48","53","0,99","9,0","8,9","315","6:38","338","0,0","336","509","11.294","'-18","No","00:01:49,1","23","01:15:26","01:18:08","'-2","9"
Running,2026-07-26 14:04:20,false,"Hamburg Running","10,14","867","01:08:29","145","162","3,9","150","161","6:45","5:30","38","39","0,99","9,0","8,9","318","6:40","332","0,0","330","456","10.186","'-15","No","00:00:59,5","21","01:08:10","01:11:23","1","11"
Running,2026-07-23 12:33:15,false,"Gremersdorf Running","11,56","1.019","01:19:50","154","167","4,2","150","160","6:54","5:56","99","100","0,96","9,1","8,8","324","6:51","335","0,0","330","456","11.910","'-18","No","00:00:28,1","24","01:19:44","01:19:54","'-2","34"
Running,2026-07-22 12:23:42,false,"Gremersdorf Running","11,51","1.026","01:19:22","158","172","4,3","149","155","6:54","6:24","115","117","0,98","9,1","8,9","328","6:50","342","0,0","336","497","11.740","'-19","No","00:00:07,5","24","01:19:13","01:19:32","'-0","35"
Running,2026-07-20 16:46:30,false,"Hamburg Running","8,56","744","00:58:46","149","160","3,9","148","162","6:52","5:02","31","36","0,98","9,1","8,9","324","6:48","324","0,0","321","435","8.674","'-12","No","00:00:25,0","18","00:58:28","00:59:47","7","16"
Running,2026-07-18 14:11:50,false,"Gremersdorf Running","10,63","924","01:13:46","150","165","4,0","149","155","6:56","6:11","113","110","0,96","9,1","8,8","327","6:54","347","0,0","336","1.734","10.954","'-16","No","00:00:52,2","22","01:13:42","01:13:46","'-1","33"
Running,2026-07-16 06:44:00,false,"Gremersdorf Running","10,61","928","01:13:19","151","166","4,0","151","157","6:55","5:58","93","95","0,95","9,2","8,7","322","6:52","332","0,0","327","465","11.008","'-23","No","00:00:44,8","22","01:13:13","01:13:22","'-0","35"
Running,2026-07-15 06:45:53,false,"Gremersdorf Running","10,61","938","01:14:11","154","171","4,1","151","156","6:59","6:10","93","93","0,95","9,2","8,7","324","6:57","325","0,0","320","473","11.086","'-23","No","00:00:46,4","22","01:14:06","01:14:14","2","33"
Running,2026-07-07 13:34:42,false,"Kungälv Running","10,22","899","01:09:33","153","170","4,1","150","161","6:48","6:21","58","66","0,98","9,1","8,9","323","6:48","340","0,0","337","3.736","10.380","'-17","No","00:01:32,6","21","01:09:27","01:09:48","4","28"
Running,2026-07-03 15:25:29,false,"Kungälv Running","9,01","790","01:02:46","151","167","3,7","149","156","6:58","6:17","40","45","0,96","9,1","8,8","326","6:58","323","0,0","320","432","9.326","'-19","No","00:00:04,5","19","01:02:41","01:02:48","6","20"
Running,2026-07-01 14:08:46,false,"Kungälv Running","7,62","664","00:53:06","151","167","3,5","148","155","6:58","6:03","20","22","0,97","9,1","8,9","329","6:57","319","0,0","317","386","7.834","'-13","No","00:00:54,5","16","00:53:00","00:53:30","5","15"
Running,2026-06-23 08:04:27,false,"Hamburg Running","8,25","715","00:56:21","144","158","3,8","147","167","6:50","4:46","27","28","1,00","9,0","9,0","322","6:43","328","0,0","325","477","8.298","'-18","No","00:01:59,8","17","00:56:05","01:03:22","2","12"
Running,2026-06-22 12:54:01,false,"Hamburg Running","5,86","519","00:40:02","149","163","3,5","147","167","6:50","5:54","10","13","1,00","9,0","9,0","328","6:47","325","0,0","323","446","5.860","'-10","No","00:02:30,5","12","00:39:53","00:40:30","1","7"
Running,2026-06-16 11:47:23,false,"Hamburg Running","10,92","953","01:14:03","149","165","4,0","149","159","6:47","5:48","35","39","0,99","9,0","8,9","322","6:44","328","0,0","326","451","10.958","'-17","No","00:02:56,4","22","01:13:47","01:15:13","'-7","5"
Running,2026-06-12 10:42:36,false,"Gremersdorf Running","11,54","980","01:19:07","145","159","3,8","151","156","6:52","6:05","91","90","0,96","9,1","8,8","322","6:49","335","0,0","330","461","11.842","'-18","No","00:00:16,1","24","01:19:02","01:19:12","'-1","35"
Running,2026-06-11 06:48:16,false,"Gremersdorf Running","11,52","1.005","01:18:16","150","166","4,1","153","215","6:47","5:46","96","96","0,96","9,1","8,7","316","6:44","341","0,0","335","486","11.854","'-22","No","00:00:12,9","24","01:18:07","01:18:36","0","34"
Running,2026-06-09 13:38:03,false,"Hamburg Running","11,01","942","01:17:29","143","156","3,7","147","162","7:02","4:54","43","52","0,97","9,1","8,9","329","6:58","318","0,0","316","461","11.366","'-16","No","00:00:06,3","23","01:17:09","01:20:05","'-5","8"
Running,2026-06-01 13:20:01,false,"Hamburg Running","11,40","998","01:18:45","150","162","4,0","148","167","6:54","5:24","40","41","0,98","9,1","8,9","325","6:50","323","0,0","321","492","11.616","'-18","No","00:02:55,0","23","01:18:27","01:21:41","1","12"
Running,2026-05-27 15:22:03,false,"Hamburg Running","11,41","1.003","01:18:18","149","163","4,0","149","167","6:52","5:56","42","45","0,98","9,0","8,9","321","6:47","327","0,0","325","478","11.588","'-16","No","00:02:56,5","23","01:17:58","01:20:19","'-1","11"
Running,2026-05-26 07:48:09,false,"Hamburg Running","10,22","898","01:09:46","151","163","3,9","150","161","6:50","5:52","32","34","0,98","9,0","8,8","319","6:46","326","0,0","324","458","10.424","'-19","No","00:01:31,5","21","01:09:35","01:11:07","3","13"
Running,2026-05-24 13:28:38,false,"Gremersdorf Running","11,53","999","01:17:57","150","161","4,0","152","160","6:46","6:01","94","92","0,97","9,1","8,8","318","6:43","338","0,0","334","466","11.742","'-16","No","00:00:13,2","24","01:17:50","01:18:14","--","32"
Running,2026-05-21 12:40:20,false,"Gremersdorf Running","11,55","1.015","01:21:14","152","164","3,8","148","155","7:02","6:20","87","90","0,96","9,2","8,8","329","6:59","327","0,0","321","457","11.990","'-17","No","00:00:20,1","24","01:21:01","01:21:54","'-2","32"
Running,2026-05-20 11:34:16,false,"Gremersdorf Running","11,53","1.009","01:19:05","151","168","3,9","149","161","6:52","6:01","96","96","0,98","9,1","8,8","324","6:47","336","0,0","329","471","11.714","'-18","No","00:00:13,2","24","01:18:56","01:20:13","'-3","33"
Running,2026-05-17 15:39:34,false,"Gremersdorf Running","10,61","934","01:13:24","153","167","3,8","151","156","6:55","6:21","97","97","0,96","9,2","8,8","323","6:52","332","0,0","326","464","10.980","'-14","No","00:00:47,1","22","01:13:19","01:13:24","0","34"
Running,2026-05-15 15:28:39,false,"Gremersdorf Running","10,58","903","01:14:37","147","162","3,6","151","156","7:03","6:37","99","99","0,94","9,3","8,7","324","7:00","330","0,0","323","462","11.150","'-14","No","00:00:34,9","22","01:14:30","01:14:41","'-1","34"
Running,2026-05-07 11:27:28,false,"Hamburg Running","10,11","873","01:10:10","145","156","3,7","150","163","6:56","5:40","45","39","0,96","9,1","8,7","319","6:52","327","0,0","323","436","10.454","'-16","No","00:00:48,1","21","01:09:54","01:15:16","1","12"
Running,2026-05-06 11:37:52,false,"Hamburg Running","11,05","942","01:17:47","144","156","3,7","149","160","7:02","6:00","34","39","0,95","9,2","8,7","324","7:00","320","0,0","317","469","11.562","'-17","No","00:00:21,3","23","01:17:33","01:19:32","--","8"
Running,2026-05-04 10:53:02,false,"Hamburg Running","11,01","954","01:16:46","147","160","3,8","150","161","6:59","6:02","35","36","0,96","9,1","8,8","322","6:55","320","0,0","318","458","11.432","'-18","No","00:00:03,0","23","01:16:34","01:18:03","'-3","8"
Running,2026-05-01 13:29:23,false,"Gremersdorf Running","10,60","922","01:15:22","151","169","3,7","150","156","7:06","6:30","93","92","0,94","9,3","8,7","327","7:04","320","0,0","315","452","11.236","--","No","00:00:40,8","22","01:15:17","01:15:22","'-2","31"
Running,2026-04-30 12:37:45,false,"Gremersdorf Running","10,61","907","01:13:17","148","166","3,7","151","155","6:55","6:33","94","95","0,96","9,1","8,8","323","6:52","330","0,0","326","463","10.972","'-15","No","00:00:43,6","22","01:13:13","01:13:17","'-2","32"
Running,2026-04-29 14:21:31,false,"Gremersdorf Running","10,29","866","01:13:06","144","162","3,5","147","154","7:06","6:10","83","95","0,96","9,2","8,8","334","7:04","319","0,0","314","465","10.722","'-15","No","00:02:05,5","21","01:12:59","01:15:42","'-3","31"
Running,2026-04-27 12:42:58,false,"Hamburg Running","11,01","961","01:15:00","152","165","4,4","151","167","6:49","5:55","39","43","0,97","9,0","8,8","316","6:45","327","0,0","324","448","11.218","'-18","No","00:00:07,1","23","01:14:45","01:16:46","'-3","8"
Running,2026-04-26 10:45:56,false,"Hamburg Running","9,28","812","01:03:08","153","166","4,1","150","167","6:48","5:14","34","34","0,98","9,0","8,9","320","6:45","325","0,0","323","467","9.392","'-18","No","00:01:55,2","19","01:02:57","01:04:34","'-4","6"
Running,2026-04-22 12:31:58,false,"Hamburg Running","9,23","813","01:05:09","151","166","3,9","147","159","7:04","6:03","38","34","0,97","9,1","8,8","326","6:57","318","0,0","315","461","9.518","'-16","No","00:02:26,3","19","01:04:56","01:06:49","'-2","9"
Running,2026-04-18 13:31:13,false,"Gremersdorf Running","10,16","866","01:11:36","148","161","3,7","149","155","7:03","6:17","79","94","0,95","9,2","8,8","329","7:00","323","0,0","317","469","10.606","'-16","No","00:01:06,8","21","01:11:27","01:12:23","2","34"
Running,2026-04-15 12:09:04,false,"Hamburg Running","9,25","807","01:04:01","151","166","3,8","150","162","6:55","5:29","32","32","0,97","9,1","8,8","320","6:51","322","0,0","320","471","9.520","'-14","No","00:01:51,2","19","01:03:44","01:05:47","3","12"
Running,2026-04-14 11:46:52,false,"Hamburg Running","8,52","750","00:59:55","152","165","3,8","148","167","7:02","5:21","29","29","0,96","9,1","8,7","323","6:57","316","0,0","314","434","8.856","'-15","No","00:00:07,3","18","00:59:40","01:01:14","'-1","8"
Running,2026-04-13 12:36:54,false,"Hamburg Running","8,53","749","00:59:17","155","165","3,9","149","162","6:57","4:54","31","31","0,96","9,1","8,8","320","6:52","324","0,0","321","451","8.772","'-14","No","00:00:14,0","18","00:58:57","01:01:54","1","13"
Running,2026-04-08 15:01:40,false,"Gremersdorf Running","8,75","757","01:01:26","151","166","3,7","151","158","7:01","6:33","84","85","0,94","9,2","8,6","321","6:58","335","0,0","326","488","9.206","'-12","No","00:01:42,2","18","01:01:21","01:01:26","'-1","34"
Running,2026-04-07 14:56:23,false,"Gremersdorf Running","9,01","770","01:05:23","150","164","3,4","148","160","7:15","6:06","86","88","0,93","9,3","8,7","333","7:12","316","0,0","310","432","9.638","'-12","No","00:00:03,5","19","01:05:19","01:05:26","'-2","34"
Running,2026-03-29 14:28:31,false,"Hamburg Running","5,01","427","00:35:23","142","156","3,2","147","161","7:03","5:31","11","14","0,97","9,1","8,8","324","6:57","330","0,0","320","670","5.202","'-8","No","00:00:08,4","11","00:35:10","00:36:43","--","6"
Running,2026-03-26 12:36:44,false,"Hamburg Running","5,83","499","00:40:28","147","158","3,4","150","156","6:56","5:48","33","36","0,97","9,1","8,8","322","6:53","324","0,0","323","482","5.992","'-10","No","00:02:18,7","12","00:40:20","00:41:13","'-1","6"
Running,2026-03-24 10:52:00,false,"Hamburg Running","8,56","743","00:59:41","153","165","4,0","150","187","6:58","5:37","34","33","0,96","9,1","8,8","321","6:55","327","0,0","324","500","8.906","'-15","No","00:00:25,5","18","00:59:30","01:01:10","1","11"
Running,2026-03-23 12:14:14,false,"Hamburg Running","7,39","641","00:50:55","155","166","4,1","150","163","6:53","5:30","24","23","0,97","9,1","8,8","320","6:50","322","0,0","320","488","7.608","'-13","No","00:02:44,8","15","00:50:47","00:51:41","--","9"
Running,2026-03-22 13:16:23,false,"Hamburg Running","7,06","619","00:48:22","157","170","4,2","148","161","6:51","5:15","17","19","0,97","9,0","8,8","318","6:46","326","0,0","323","451","7.210","'-13","No","00:00:24,2","15","00:48:11","00:48:59","4","9"
Running,2026-03-20 14:39:37,false,"Hamburg Running","7,05","619","00:49:07","157","169","4,4","149","161","6:58","5:19","23","24","0,97","9,1","8,8","321","6:53","319","0,0","317","449","7.268","'-16","No","00:00:20,0","15","00:48:57","00:49:52","2","9"
Running,2026-03-19 12:50:21,false,"Hamburg Running","5,85","515","00:39:55","160","170","4,3","151","166","6:49","5:49","11","14","0,98","9,1","8,8","318","6:47","323","0,0","323","454","5.950","'-11","No","00:02:24,4","12","00:39:44","00:40:46","'-1","5"
Running,2026-03-17 14:36:58,false,"Hamburg Running","5,87","513","00:40:43","156","168","4,1","149","165","6:56","4:34","14","16","0,97","9,1","8,8","320","6:52","319","0,0","316","491","6.010","'-10","No","00:02:48,9","12","00:40:33","00:41:09","'-3","3"
Running,2026-03-14 13:55:34,false,"Hamburg Running","5,88","512","00:40:21","156","164","4,2","151","166","6:52","4:17","11","18","0,97","9,1","8,8","316","6:48","320","0,0","319","457","6.024","'-12","No","00:02:40,3","12","00:40:10","00:41:14","'-2","5"
Running,2026-03-12 14:29:38,false,"Hamburg Running","5,84","517","00:40:31","162","174","4,2","149","167","6:56","5:36","24","26","0,96","9,1","8,8","322","6:54","327","0,0","324","494","6.046","'-11","No","00:02:24,1","12","00:40:24","00:41:04","1","8"
Running,2026-03-10 12:20:40,false,"Hamburg Running","4,77","425","00:33:30","162","177","3,9","149","161","7:01","6:01","10","11","0,96","9,1","8,8","322","6:57","317","0,0","315","428","4.952","'-9","No","00:01:53,5","10","00:33:20","00:34:19","2","7"
Running,2026-03-07 12:35:19,false,"Hamburg Running","4,79","421","00:33:18","159","175","3,9","148","187","6:57","6:07","10","11","0,98","9,1","8,9","325","6:54","327","0,0","316","701","4.918","'-11","No","00:02:04,0","10","00:33:10","00:34:05","3","8"
Running,2026-02-11 12:29:19,false,"Hamburg Running","5,85","509","00:41:34","154","167","3,9","151","158","7:06","6:05","13","17","0,94","9,2","8,6","320","7:04","314","0,0","313","421","6.212","'-11","No","00:02:34,8","12","00:41:26","00:42:19","1","8"
Running,2026-02-10 12:22:18,false,"Hamburg Running","5,50","480","00:38:43","158","170","3,9","151","158","7:02","6:03","22","22","0,94","9,2","8,7","322","7:00","672","0,0","349","2.929","5.808","'-12","No","00:00:01,2","12","00:38:36","00:39:22","2","9"
Running,2026-01-26 12:56:53,false,"Hamburg Running","5,33","466","00:38:07","156","168","3,8","149","160","7:09","3:44","13","18","0,94","9,2","8,6","320","7:04","313","0,0","311","479","5.660","'-11","No","00:02:29,6","11","00:37:57","00:38:50","'-1","8"
Running,2026-01-25 13:54:51,false,"Hamburg Running","5,27","462","00:35:42","157","170","4,2","153","159","6:47","5:49","16","17","0,97","9,0","8,7","313","6:44","335","0,0","332","438","5.392","'-11","No","00:01:51,1","11","00:35:34","00:36:38","'-1","7"
Running,2026-01-24 12:38:05,false,"Hamburg Running","4,27","377","00:29:28","159","168","3,6","152","160","6:54","6:03","16","20","0,95","9,1","8,7","318","6:53","328","0,0","325","451","4.448","'-8","No","00:01:56,6","9","00:29:25","00:29:34","'-1","7"
Running,2025-12-29 09:27:35,false,"Hamburg Running","7,52","671","00:52:05","159","168","4,4","153","159","6:56","5:29","31","31","0,95","9,1","8,7","316","6:53","325","0,0","323","476","7.852","'-17","No","00:00:07,5","16","00:51:55","00:52:36","'-0","7"
Running,2025-12-27 12:59:01,false,"Hamburg Running","7,53","664","00:51:23","155","164","4,4","153","166","6:50","6:13","31","38","0,96","9,1","8,7","314","6:48","333","0,0","329","506","7.796","'-15","No","00:00:10,5","16","00:51:15","00:52:27","'-2","8"
Running,2025-12-26 14:10:38,false,"Hamburg Running","6,01","541","00:40:36","159","169","4,2","153","167","6:46","6:01","20","26","0,97","9,0","8,7","313","6:43","330","0,0","327","475","6.136","'-13","No","00:00:06,3","13","00:40:31","00:40:50","'-3","8"
Running,2025-12-25 12:37:02,false,"Hamburg Running","5,57","508","00:37:40","163","173","3,8","153","167","6:46","6:10","26","25","0,97","9,0","8,7","314","6:43","336","0,0","333","475","5.692","'-10","No","00:00:27,4","12","00:37:35","00:37:55","3","8"
Running,2025-12-23 12:07:28,false,"Hamburg Running","5,55","498","00:39:09","156","166","3,3","150","169","7:03","5:19","25","31","0,95","9,2","8,7","323","7:00","325","0,0","322","467","5.832","'-10","No","00:00:24,7","12","00:39:01","00:39:59","'-3","5"
Running,2025-11-25 12:30:49,false,"Hamburg Running","11,74","1.025","01:20:23","146","158","3,8","152","219","6:51","5:15","43","47","0,96","9,1","8,7","314","6:48","389","0,0","330","1.676","12.114","'-16","No","00:01:36,2","24","01:20:04","01:22:29","2","10"
Running,2025-11-24 12:31:52,false,"Hamburg Running","9,19","813","01:02:49","149","160","3,7","152","161","6:50","3:16","28","30","0,96","9,1","8,7","315","6:47","745","0,0","349","3.580","9.444","'-14","No","00:01:15,5","19","01:02:35","01:04:29","3","11"
Running,2025-11-23 15:06:20,false,"Hamburg Running","9,14","792","00:58:42","149","161","3,9","155","183","6:25","5:44","38","39","1,00","8,9","8,9","307","6:25","351","0,0","348","495","9.056","'-12","No","00:00:53,4","19","00:58:35","00:58:54","2","11"
Running,2025-11-22 13:15:01,false,"Hamburg Running","10,55","913","01:09:36","146","158","3,9","155","170","6:36","5:12","44","46","0,98","8,9","8,8","309","6:33","343","0,0","341","489","10.652","'-15","No","00:00:29,0","22","01:09:24","01:12:17","'-0","11"
Running,2025-11-21 10:36:20,false,"Hamburg Running","10,52","940","01:11:59","154","163","4,0","154","163","6:51","4:42","43","42","0,95","9,1","8,7","314","6:47","325","0,0","324","496","10.916","'-19","No","00:00:11,6","22","01:11:45","01:13:03","1","12"
Running,2025-11-16 14:20:59,false,"Hamburg Running","9,13","797","01:01:18","146","158","3,8","153","163","6:43","5:36","31","33","0,97","9,0","8,8","314","6:40","333","0,0","330","465","9.272","'-13","No","00:01:00,2","19","01:01:08","01:01:56","'-1","8"
Running,2025-11-14 12:38:17,false,"Hamburg Running","11,51","1.033","01:19:00","152","165","4,1","150","169","6:52","5:33","48","50","0,97","9,1","8,8","319","6:47","330","0,0","327","483","11.786","'-19","No","00:00:06,2","24","01:18:45","01:20:33","'-4","7"
Running,2025-11-13 13:02:53,false,"Hamburg Running","9,10","808","01:01:55","149","167","3,9","151","163","6:48","5:49","37","45","0,98","9,0","8,8","318","6:45","335","0,0","334","502","9.254","'-13","No","00:00:40,9","19","01:01:44","01:03:33","'-3","7"
Running,2025-11-12 09:48:50,false,"Hamburg Running","10,51","946","01:10:24","156","169","4,2","152","162","6:42","4:46","33","38","0,98","9,0","8,8","314","6:39","332","0,0","331","470","10.598","'-17","No","00:00:05,3","22","01:10:09","01:11:52","'-2","7"
Running,2025-11-09 14:25:31,false,"Hamburg Running","8,12","700","00:55:41","142","157","3,5","150","165","6:51","5:15","24","32","0,98","9,0","8,8","315","6:47","325","0,0","320","460","8.288","'-12","No","00:00:53,8","17","00:55:22","00:57:29","'-7","4"
Running,2025-11-04 17:14:07,false,"Hamburg Running","10,72","925","01:16:26","144","156","3,6","148","162","7:08","5:20","35","39","0,95","9,2","8,7","324","7:02","314","0,0","313","457","11.316","'-14","No","00:01:39,2","22","01:16:02","01:20:22","'-7","2"
Running,2025-11-03 12:25:27,false,"Hamburg Running","9,85","866","01:05:28","149","161","4,0","153","163","6:39","5:31","41","43","0,99","8,9","8,8","313","6:36","341","0,0","338","499","9.910","'-15","No","00:02:27,5","20","01:05:17","01:06:25","4","15"
Running,2025-10-30 16:28:04,false,"Hamburg Running","11,58","1.021","01:19:18","149","160","3,9","152","167","6:51","5:16","41","51","0,97","9,1","8,8","317","6:47","332","0,0","329","486","11.886","'-14","No","00:00:36,1","24","01:19:06","01:20:24","'-8","6"
Running,2025-10-28 12:19:36,false,"Hamburg Running","10,51","921","01:11:51","145","158","3,8","151","162","6:50","5:15","48","51","0,97","9,1","8,8","316","6:45","334","0,0","332","477","10.738","'-15","No","00:00:04,6","22","01:11:30","01:14:07","3","14"
Running,2025-10-27 12:23:01,false,"Hamburg Running","11,01","974","01:15:00","149","161","4,0","151","168","6:49","4:38","44","45","0,97","9,1","8,8","318","6:46","332","0,0","329","596","11.216","'-16","No","00:00:03,8","23","01:14:49","01:15:42","3","13"
Running,2025-10-22 12:01:15,false,"Hamburg Running","9,83","863","01:05:55","147","162","4,0","151","162","6:42","5:46","41","42","0,99","9,0","8,9","316","6:40","335","0,0","333","483","9.882","'-15","No","00:02:16,2","20","01:05:42","01:06:36","2","13"
Running,2025-10-18 14:44:20,false,"Hamburg Running","12,30","1.071","01:20:50","150","162","4,5","153","167","6:34","5:40","42","47","1,00","8,9","8,9","312","6:32","337","0,0","336","480","12.210","'-17","No","00:02:03,7","25","01:20:36","01:23:30","0","9"
Running,2025-10-17 11:00:41,false,"Hamburg Running","11,01","969","01:14:54","149","158","4,1","151","163","6:48","5:46","40","41","0,98","9,0","8,8","316","6:44","331","0,0","328","482","11.214","'-19","No","00:00:06,5","23","01:14:37","01:15:44","2","12"
Running,2025-10-16 12:19:59,false,"Hamburg Running","11,56","1.023","01:17:17","152","161","4,4","152","167","6:41","5:15","46","42","0,98","9,0","8,8","315","6:39","337","0,0","334","475","11.660","'-19","No","00:00:25,9","24","01:17:04","01:18:43","'-3","7"
Running,2025-10-14 12:45:44,false,"Hamburg Running","8,10","709","00:55:01","143","156","3,8","150","163","6:47","5:47","27","28","0,98","9,0","8,9","319","6:44","327","0,0","325","466","8.190","'-13","No","00:00:41,3","17","00:54:47","00:56:15","1","8"
Running,2025-10-11 14:18:20,false,"Hamburg Running","11,01","968","01:11:43","153","164","4,5","153","167","6:31","5:28","43","42","1,00","8,9","8,9","311","6:28","347","0,0","345","489","10.864","'-17","No","00:00:03,2","23","01:11:29","01:13:27","5","14"
Running,2025-10-07 13:34:00,false,"Hamburg Running","8,24","718","00:54:36","147","156","3,8","152","161","6:37","4:37","24","24","1,00","8,9","8,9","316","6:36","337","0,0","335","517","8.188","'-11","No","00:01:37,7","17","00:54:31","00:55:15","3","9"
Running,2025-10-06 12:34:27,false,"Hamburg Laufen","12,52","1.101","01:22:31","153","164","4,7","153","226","6:36","4:19","58","63","1,00","8,9","8,9","313","6:33","339","0,0","335","538","12.442","'-19","No","00:00:09,7","26","01:22:13","01:24:03","'-1","10"
Running,2025-10-03 14:25:23,false,"Gremersdorf Laufen","10,21","898","01:06:52","152","166","4,4","154","160","6:33","5:44","103","105","0,99","8,9","8,9","313","6:29","356","0,0","348","503","10.148","'-14","No","00:01:20,9","21","01:06:44","01:07:00","'-3","29"
Running,2025-10-02 14:41:06,false,"Gremersdorf Laufen","10,01","860","01:10:28","141","161","3,9","148","156","7:02","6:27","92","100","0,94","9,2","8,7","324","7:00","328","0,0","320","490","10.476","'-14","No","00:00:06,4","21","01:10:21","01:10:54","'-8","29"
Running,2025-10-01 14:32:41,false,"Gremersdorf Laufen","10,01","889","01:05:56","154","170","4,5","153","158","6:35","5:56","96","97","0,99","8,9","8,9","315","6:32","348","0,0","341","509","9.938","--","No","00:00:04,3","21","01:05:49","01:06:00","'-5","29"
Running,2025-09-18 12:53:37,false,"Gremersdorf Laufen","9,63","848","01:05:14","149","163","4,1","151","158","6:47","5:57","99","98","0,97","9,0","8,8","318","6:43","350","0,0","342","494","9.754","'-15","No","00:00:51,3","20","01:05:07","01:05:23","0","33"
Running,2025-09-14 09:26:08,false,"Hamburg Laufen","11,64","1.012","01:15:44","150","160","4,3","154","162","6:30","5:51","31","39","1,00","8,9","8,9","311","6:29","341","0,0","339","491","11.516","'-20","No","00:00:56,4","24","01:15:35","01:16:10","'-6","7"
Running,2025-09-13 07:42:20,false,"Gremersdorf Laufen","11,51","986","01:15:53","146","159","4,2","155","161","6:36","6:02","108","110","0,98","9,0","8,8","311","6:33","349","0,0","343","483","11.612","'-21","No","00:00:05,2","24","01:15:48","01:15:56","'-1","33"
Running,2025-09-12 07:48:41,false,"Gremersdorf Laufen","10,05","874","01:06:50","148","165","4,2","154","159","6:39","5:56","94","97","0,97","9,0","8,8","313","6:36","353","0,0","344","506","10.180","'-19","No","00:00:23,1","21","01:06:45","01:06:50","'-2","33"
Running,2025-09-10 16:06:49,false,"Gremersdorf Laufen","9,01","794","01:00:49","149","163","3,9","152","157","6:45","6:21","87","87","0,98","9,1","8,8","319","6:42","339","0,0","333","491","9.128","'-12","No","00:00:05,3","19","01:00:45","01:00:49","0","35"
Running,2025-09-04 11:47:14,false,"Hamburg Laufen","10,02","902","01:08:20","152","167","4,1","149","161","6:49","5:23","32","35","0,99","9,0","8,9","321","6:45","337","0,0","333","747","10.136","'-17","No","00:00:13,6","21","01:08:03","01:10:14","'-1","10"
Running,2025-09-02 11:42:21,false,"Hamburg Laufen","8,87","804","01:00:29","155","167","4,0","149","178","6:49","5:33","29","30","0,98","9,0","8,9","322","6:47","328","0,0","325","470","8.982","'-14","No","00:02:42,8","18","01:00:23","01:00:43","'-1","9"
Running,2025-09-01 12:04:21,false,"Hamburg Laufen","5,54","480","00:36:53","144","157","3,3","149","167","6:39","4:22","16","20","1,01","8,9","9,0","322","6:36","331","0,0","330","446","5.480","'-9","No","00:00:19,7","12","00:36:44","00:38:01","'-3","6"
Running,2025-08-27 12:26:37,false,"Gremersdorf Laufen","11,51","1.056","01:23:10","158","170","4,1","147","156","7:14","5:51","93","92","0,94","9,1","8,6","327","7:08","315","0,0","306","450","12.178","'-17","No","00:00:04,2","24","01:22:59","01:23:30","0","34"
Running,2025-08-20 12:49:29,false,"Gremersdorf Laufen","11,55","1.021","01:17:11","150","164","4,2","153","161","6:41","6:11","98","98","0,98","9,0","8,8","316","6:38","349","0,0","343","498","11.660","'-17","No","00:00:21,6","24","01:17:05","01:17:13","1","35"
Running,2025-08-18 10:55:50,false,"Gremersdorf Laufen","11,52","1.010","01:18:44","148","160","4,0","150","161","6:50","6:01","94","96","0,97","9,1","8,8","322","6:47","333","0,0","328","456","11.748","'-18","No","00:00:09,7","24","01:18:36","01:19:17","3","40"
Running,2025-08-17 08:10:10,false,"Gremersdorf Laufen","11,53","994","01:17:21","144","157","3,9","152","158","6:43","6:19","94","96","0,98","9,0","8,8","318","6:40","339","0,0","334","473","11.638","'-20","No","00:00:12,0","24","01:17:15","01:17:25","0","35"
Running,2025-08-15 07:29:02,false,"Gremersdorf Laufen","10,02","878","01:08:16","146","159","3,8","152","160","6:49","6:16","93","93","0,96","9,1","8,8","318","6:46","343","0,0","336","470","10.290","--","No","00:00:11,4","21","01:08:13","01:08:16","2","35"
Running,2025-08-14 06:40:42,false,"Gremersdorf Laufen","10,01","875","01:08:39","144","159","3,8","152","159","6:51","6:11","91","91","0,96","9,1","8,7","318","6:47","336","0,0","330","477","10.340","'-21","No","00:00:09,3","21","01:08:33","01:09:10","0","31"
Running,2025-08-13 13:00:57,false,"Gremersdorf Laufen","9,00","835","01:04:12","159","172","3,7","148","152","7:08","6:24","82","83","0,95","9,2","8,8","333","7:05","323","0,0","314","471","9.444","'-14","No","00:00:04,4","19","01:04:07","01:04:18","2","36"
Running,2025-08-07 13:27:52,false,"Hamburg Laufen","10,53","928","01:09:42","148","163","4,1","149","160","6:37","5:25","39","39","1,01","8,9","9,0","319","6:34","340","0,0","338","472","10.362","'-15","No","00:00:12,9","22","01:09:30","01:11:25","'-2","9"
Running,2025-08-06 12:53:37,false,"Hamburg Laufen","10,54","921","01:08:58","147","158","4,0","151","167","6:32","5:33","43","48","1,01","8,9","9,0","315","6:30","349","0,0","345","486","10.358","'-15","No","00:00:18,5","22","01:08:47","01:09:19","1","12"
Running,2025-08-04 12:49:36,false,"Hamburg Laufen","9,83","880","01:05:04","152","166","4,1","150","171","6:37","5:41","35","41","1,01","8,9","9,0","319","6:35","343","0,0","341","485","9.710","'-15","No","00:02:16,4","20","01:04:50","01:05:53","'-2","8"
Running,2025-07-29 07:11:38,false,"Hamburg Laufen","8,89","762","00:58:52","140","154","3,8","152","161","6:37","5:48","30","33","0,99","8,9","8,9","315","6:35","338","0,0","336","463","8.842","'-18","No","00:02:38,1","18","00:58:42","01:06:42","2","11"
Running,2025-07-28 11:58:06,false,"Hamburg Laufen","8,69","771","00:57:07","150","162","4,1","151","161","6:34","5:25","26","30","1,01","8,9","9,0","318","6:32","339","0,0","336","494","8.538","'-15","No","00:01:18,3","18","00:56:59","00:57:55","'-0","8"
Running,2025-07-26 17:00:08,false,"Hamburg Laufen","7,04","622","00:46:07","148","160","3,7","150","158","6:33","5:39","18","20","1,02","8,9","9,1","320","6:31","340","0,0","338","454","6.874","'-10","No","00:00:18,8","15","00:46:02","00:46:19","5","12"
Running,2025-07-23 13:24:59,false,"Hamburg Laufen","5,55","474","00:36:41","140","156","3,4","149","163","6:36","5:27","29","33","1,01","8,9","9,0","322","6:32","331","0,0","328","487","5.440","'-8","No","00:00:23,7","12","00:36:31","00:37:18","1","8"
Running,2025-07-19 09:18:40,false,"Gremersdorf Laufen","10,02","894","01:07:23","151","166","4,1","150","161","6:43","5:49","92","90","0,99","8,9","8,8","317","6:40","345","0,0","334","493","10.020","'-17","No","00:00:10,2","21","01:07:16","01:07:34","--","34"
Running,2025-07-17 09:53:41,false,"Gremersdorf Laufen","10,01","892","01:05:27","152","166","4,3","152","156","6:32","6:07","90","93","1,00","8,9","9,0","316","6:30","352","0,0","347","490","9.834","'-17","No","00:00:03,5","21","01:05:21","01:06:08","'-1","33"
Running,2025-07-15 14:18:40,false,"Gremersdorf Laufen","8,17","709","00:53:19","145","159","3,8","152","158","6:32","6:07","84","83","1,00","8,9","9,0","316","6:29","363","0,0","354","513","8.024","--","No","00:01:03,6","17","00:53:14","00:53:21","'-0","33"
Running,2025-07-14 09:21:48,false,"Gremersdorf Laufen","5,63","501","00:37:42","147","162","3,3","153","160","6:41","6:19","60","62","0,98","9,0","8,8","317","6:38","345","0,0","339","467","5.686","'-10","No","00:00:53,4","12","00:37:39","00:37:45","'-1","34"
Running,2025-07-13 12:30:41,false,"Gremersdorf Laufen","5,62","486","00:37:07","142","153","3,2","151","156","6:36","6:08","60","63","1,00","9,0","8,9","319","6:34","355","0,0","349","477","5.576","'-8","No","00:00:45,5","12","00:37:04","00:37:11","'-3","30"
Running,2025-07-11 11:57:04,false,"Hamburg Laufen","5,64","488","00:37:56","138","153","3,2","147","162","6:43","4:49","23","22","1,02","8,9","9,1","323","6:37","332","0,0","330","486","5.552","'-8","No","00:01:01,3","12","00:37:39","00:39:50","6","11"
Running,2025-07-08 08:35:51,false,"Gremersdorf Laufen","5,57","480","00:38:22","139","151","3,1","151","161","6:53","6:26","64","65","0,96","9,1","8,8","321","6:49","343","0,0","336","477","5.754","'-10","No","00:00:30,9","12","00:38:20","00:38:22","'-1","32"
Running,2025-06-30 13:14:54,false,"Hamburg Laufen","2,36","199","00:16:21","126","139","2,3","143","158","6:57","5:31","6","6","1,02","8,8","9,0","323","6:44","321","0,0","319","433","2.354","'-3","No","00:02:18,5","5","00:16:09","00:17:15","3","7"
Running,2025-06-29 09:55:05,false,"Gremersdorf Laufen","10,38","919","01:09:36","148","162","3,8","153","158","6:42","5:51","91","94","0,98","9,0","8,8","317","6:39","349","0,0","343","494","10.498","'-15","No","00:02:30,6","21","01:09:32","01:09:39","1","35"
Running,2025-06-26 12:00:19,false,"Hamburg Laufen","11,70","1.013","01:18:25","142","155","3,8","150","166","6:42","5:35","38","40","1,00","9,0","8,9","320","6:39","332","0,0","331","438","11.690","'-16","No","00:01:21,8","24","01:18:10","01:22:49","'-0","12"
Running,2025-06-25 13:01:44,false,"Hamburg Laufen","10,51","919","01:11:49","144","155","3,6","150","166","6:50","5:32","45","51","0,98","9,1","8,9","321","6:47","331","0,0","329","467","10.714","'-14","No","00:00:04,8","22","01:11:34","01:12:54","'-2","8"
Running,2025-06-23 15:35:17,false,"Hamburg Laufen","10,50","910","01:11:04","143","155","3,7","150","172","6:46","5:14","40","43","0,98","9,0","8,9","317","6:42","332","0,0","329","462","10.648","'-12","No","00:03:15,1","21","01:10:50","01:13:21","'-9","2"
Running,2025-06-20 07:47:57,false,"Gremersdorf Laufen","11,53","982","01:17:04","142","153","3,8","154","160","6:41","5:58","97","101","0,97","9,0","8,7","313","6:39","343","0,0","338","494","11.736","'-20","No","00:00:12,8","24","01:16:57","01:17:18","1","35"
Running,2025-06-19 12:45:51,false,"Gremersdorf Laufen","11,55","1.002","01:16:58","147","157","3,9","152","158","6:40","6:05","109","110","0,98","9,0","8,9","317","6:38","346","0,0","341","485","11.596","'-16","No","00:00:17,5","24","01:16:53","01:16:58","0","36"
Running,2025-06-17 08:47:08,false,"Hamburg Laufen","11,64","1.001","01:17:22","143","157","3,9","151","166","6:39","5:37","46","47","1,00","8,9","8,9","317","6:36","335","0,0","333","458","11.586","'-21","No","00:00:54,7","24","01:17:04","01:19:53","1","11"
Running,2025-06-16 13:10:36,false,"Hamburg Laufen","11,70","1.016","01:17:25","147","158","4,0","150","163","6:37","5:27","42","48","1,01","8,9","9,0","322","6:36","336","0,0","335","495","11.524","'-16","No","00:01:27,7","24","01:17:16","01:18:09","3","12"
Running,2025-06-14 12:33:50,false,"Gremersdorf Laufen","11,54","1.017","01:19:10","148","161","3,9","149","167","6:52","6:02","104","101","0,97","9,1","8,9","324","6:48","338","0,0","332","544","11.786","'-17","No","00:00:14,2","24","01:19:00","01:19:17","1","36"
Running,2025-06-13 07:30:12,false,"Gremersdorf Laufen","11,51","991","01:18:58","144","158","3,7","152","160","6:52","6:07","94","98","0,96","9,1","8,7","317","6:47","338","0,0","332","482","11.872","'-20","No","00:00:03,4","24","01:18:44","01:20:13","'-4","32"
Running,2025-06-12 12:50:02,false,"Gremersdorf Laufen","11,52","1.008","01:20:00","147","162","3,8","150","156","6:57","6:15","90","89","0,96","9,1","8,8","325","6:54","328","0,0","323","450","11.924","'-17","No","00:00:07,8","24","01:19:51","01:20:23","0","34"
Running,2025-06-09 13:36:16,false,"Hamburg Laufen","11,36","971","01:15:21","143","155","3,9","151","170","6:38","5:22","46","50","1,00","8,9","8,9","315","6:34","342","0,0","340","469","11.298","'-15","No","00:02:24,2","23","01:15:07","01:17:10","'-3","6"
Running,2025-06-08 12:33:38,false,"Hamburg Laufen","8,85","757","00:59:34","143","153","3,6","150","162","6:44","4:49","40","41","0,99","9,0","8,9","323","6:44","334","0,0","332","496","8.886","'-14","No","00:02:27,7","18","00:59:26","01:00:01","'-8","6"
Running,2025-06-06 09:51:28,false,"Hamburg Laufen","11,62","1.032","01:17:37","155","167","4,5","150","160","6:41","5:12","58","65","1,00","9,0","8,9","319","6:38","340","0,0","337","472","11.600","'-20","No","00:00:51,6","24","01:17:19","01:20:04","'-4","9"
Running,2025-06-04 12:45:20,false,"Gremersdorf Laufen","11,42","1.014","01:20:08","151","167","4,0","149","155","7:01","6:28","100","96","0,96","9,2","8,8","328","6:58","333","0,0","326","472","11.870","'-18","No","00:02:52,5","23","01:20:01","01:20:30","1","37"
Running,2025-06-03 14:39:20,false,"Gremersdorf Laufen","10,62","951","01:14:23","156","168","4,0","148","156","7:00","6:17","94","94","0,96","9,2","8,8","331","6:57","327","0,0","321","465","10.984","'-15","No","00:00:47,4","22","01:14:18","01:14:26","'-1","31"
Running,2025-06-01 15:33:35,false,"Gremersdorf Laufen","10,45","943","01:13:01","158","178","4,0","149","159","6:59","5:54","93","91","0,96","9,2","8,8","328","6:56","335","0,0","330","476","10.848","'-14","No","00:02:48,6","21","01:12:57","01:13:06","'-2","31"
Running,2025-05-31 09:01:03,false,"Gremersdorf Laufen","10,55","936","01:12:48","153","167","4,1","152","159","6:54","5:44","92","94","0,95","9,2","8,7","319","6:51","334","0,0","328","470","10.930","'-20","No","00:00:20,4","22","01:12:43","01:13:10","'-1","33"
Running,2025-05-22 12:44:53,false,"Hamburg Laufen","5,33","460","00:34:43","146","157","3,4","152","161","6:30","5:17","28","34","1,01","8,9","9,0","312","6:28","352","0,0","349","538","5.234","'-7","No","00:02:13,1","11","00:34:35","00:35:20","'-3","7"
Running,2025-05-20 14:29:11,false,"Hamburg Laufen","10,03","883","01:08:15","149","163","4,0","150","167","6:48","5:18","36","35","0,98","9,0","8,8","317","6:43","330","0,0","328","452","10.194","'-13","No","00:00:14,3","21","01:08:00","01:09:23","1","11"
Running,2025-05-19 12:14:16,false,"Hamburg Laufen","11,60","1.014","01:17:04","152","163","4,5","151","163","6:39","3:04","35","36","1,00","8,9","8,9","316","6:36","334","0,0","332","658","11.548","'-16","No","00:00:39,7","24","01:16:49","01:20:04","'-2","6"
Running,2025-05-15 18:36:36,false,"Hamburg Laufen","10,01","871","01:05:37","150","162","4,3","153","163","6:33","5:24","36","49","1,00","8,9","8,9","312","6:29","344","0,0","342","469","9.910","'-10","No","00:00:04,9","21","01:05:24","01:07:18","'-0","8"
Running,2025-05-13 12:33:49,false,"Gremersdorf Laufen","10,16","900","01:10:05","152","165","4,2","152","158","6:54","6:16","87","85","0,95","9,2","8,7","318","6:51","331","0,0","325","449","10.548","'-16","No","00:01:07,0","21","01:09:58","01:10:15","3","42"
Running,2025-05-12 12:57:51,false,"Gremersdorf Laufen","10,16","894","01:08:33","151","166","4,5","152","158","6:45","6:07","108","93","0,97","9,1","8,8","317","6:42","340","0,0","334","456","10.322","'-16","No","00:01:02,8","21","01:08:25","01:09:18","1","40"
Running,2025-05-07 13:01:25,false,"Gremersdorf Laufen","10,12","916","01:09:43","158","173","4,5","151","158","6:53","6:20","206","88","0,96","9,1","8,8","321","6:49","331","0,0","325","470","10.408","'-16","No","00:00:49,1","21","01:09:37","01:10:01","'-2","35"
Running,2025-05-02 08:32:04,false,"Gremersdorf Laufen","11,55","1.029","01:18:11","155","167","4,5","153","161","6:46","6:02","85","86","0,96","9,1","8,7","316","6:45","339","0,0","334","472","11.828","'-21","No","00:00:21,0","24","01:18:04","01:18:11","'-2","34"
Running,2025-04-30 12:54:32,false,"Hamburg Laufen","8,09","722","00:53:43","153","171","4,4","150","165","6:39","5:28","110","31","1,01","8,9","9,0","316","6:32","336","0,0","334","449","7.966","'-16","No","00:00:35,5","17","00:53:28","00:56:12","1","10"
Running,2025-04-26 10:47:32,false,"Gremersdorf Laufen","10,18","915","01:08:36","156","171","4,4","153","158","6:44","6:10","85","86","0,97","9,1","8,8","317","6:42","342","0,0","336","474","10.358","'-16","No","00:01:11,2","21","01:08:31","01:08:36","3","41"
Running,2025-04-25 11:53:47,false,"Gremersdorf Laufen","9,07","828","01:00:43","163","177","4,4","153","160","6:42","5:57","75","81","0,97","9,0","8,8","316","6:40","343","0,0","337","473","9.182","'-14","No","00:00:28,3","19","01:00:40","01:00:45","2","41"
Running,2025-04-23 12:47:23,false,"Hamburg Laufen","8,13","719","00:55:31","148","165","3,8","147","162","6:50","5:38","33","93","1,00","9,0","9,0","324","6:44","327","0,0","325","459","8.164","'-12","No","00:00:53,8","17","00:55:16","00:58:06","6","16"
Running,2025-04-09 13:04:02,false,"Hamburg Laufen","10,28","877","01:08:02","143","154","3,9","151","161","6:37","5:27","37","42","1,00","8,9","8,9","314","6:34","337","0,0","335","494","10.236","'-19","No","00:01:50,4","21","01:07:45","01:11:12","0","11"
Running,2025-04-08 12:32:28,false,"Hamburg Laufen","10,33","887","01:07:47","147","158","4,3","151","177","6:34","5:34","34","37","1,02","8,9","9,0","316","6:30","338","0,0","337","454","10.156","'-15","No","00:02:09,7","21","01:07:35","01:09:43","1","10"
Running,2025-04-07 13:42:03,false,"Hamburg Laufen","9,08","776","01:00:52","145","155","4,0","148","167","6:42","5:29","34","38","1,01","8,9","9,0","321","6:38","334","0,0","332","486","8.988","'-13","No","00:00:32,8","19","01:00:38","01:02:27","'-2","8"
Running,2025-04-03 13:05:40,false,"Hamburg Laufen","7,67","678","00:50:24","156","166","4,4","150","180","6:34","5:20","23","24","1,02","8,9","9,0","317","6:30","342","0,0","341","469","7.526","'-12","No","00:01:13,0","16","00:50:14","00:51:29","4","10"
Running,2025-04-02 12:25:40,false,"Hamburg Laufen","7,60","662","00:50:28","151","162","4,3","150","170","6:38","5:58","25","27","1,01","8,9","9,0","319","6:36","342","0,0","340","457","7.550","'-13","No","00:00:42,9","16","00:50:19","00:51:57","1","7"
Running,2025-04-01 12:27:21,false,"Hamburg Laufen","7,60","669","00:49:14","158","178","5,0","153","172","6:29","5:29","27","29","1,01","8,9","9,0","313","6:27","346","0,0","344","475","7.450","'-15","No","00:00:40,2","16","00:49:07","00:50:30","3","11"
Running,2025-03-31 11:17:17,false,"Hamburg Laufen","7,07","635","00:47:06","158","172","4,8","150","180","6:40","5:14","22","25","1,00","8,9","9,0","319","6:38","334","0,0","331","466","7.014","'-14","No","00:00:28,4","15","00:47:00","00:47:17","2","9"
Running,2025-03-29 13:15:00,false,"Hamburg Laufen","6,02","535","00:39:53","154","166","4,3","150","162","6:37","5:27","27","19","1,01","8,9","9,0","317","6:34","335","0,0","333","494","5.942","'-11","No","00:00:09,5","13","00:39:44","00:40:49","'-1","7"
Running,2025-03-18 11:17:19,false,"Hamburg Laufen","8,12","720","00:54:38","152","164","4,3","150","167","6:44","5:41","26","32","0,99","9,0","8,9","320","6:42","331","0,0","329","468","8.128","'-13","No","00:00:48,1","17","00:54:29","00:56:12","1","10"
Running,2025-03-17 11:58:13,false,"Hamburg Laufen","5,82","518","00:38:20","153","165","3,9","151","161","6:35","4:17","16","21","1,01","8,9","9,0","317","6:32","342","0,0","340","519","5.750","'-9","No","00:02:06,6","12","00:38:11","00:39:06","3","11"
Running,2025-03-16 13:13:10,false,"Hamburg Laufen","5,84","518","00:38:59","149","160","4,1","150","161","6:40","5:50","20","19","1,00","8,9","8,9","316","6:37","336","0,0","334","476","5.834","'-12","No","00:02:16,5","12","00:38:45","00:40:51","3","9"
Running,2025-03-15 12:54:25,false,"Hamburg Laufen","5,81","522","00:39:26","148","159","3,7","149","161","6:47","5:29","22","23","0,99","9,0","8,9","318","6:41","331","0,0","329","452","5.896","'-11","No","00:02:09,7","12","00:39:14","00:41:38","1","7"
Running,2025-02-21 14:45:01,false,"Hamburg Laufen","12,85","1.144","01:23:51","154","164","4,6","154","172","6:32","5:35","43","44","1,00","8,9","8,9","310","6:28","342","0,0","339","461","12.732","'-19","No","00:02:20,0","26","01:23:35","01:25:32","1","11"
Running,2025-02-20 12:46:42,false,"Hamburg Laufen","11,15","987","01:13:38","149","161","4,3","152","163","6:36","5:30","38","40","1,00","8,9","8,9","312","6:32","339","0,0","336","452","11.134","'-16","No","00:00:55,6","23","01:13:22","01:17:15","1","11"
Running,2025-02-19 16:04:01,false,"Hamburg Laufen","8,42","730","00:55:49","142","157","3,8","152","172","6:38","5:47","38","39","1,00","8,9","8,9","315","6:34","341","0,0","339","461","8.374","'-13","No","00:02:44,0","17","00:55:40","00:58:23","'-0","11"
Running,2025-02-18 11:28:50,false,"Hamburg Laufen","10,65","955","01:11:14","151","164","4,4","152","161","6:41","5:49","37","38","0,99","9,0","8,9","314","6:37","332","0,0","330","471","10.700","'-18","No","00:00:58,7","22","01:10:56","01:13:44","2","11"
Running,2025-02-16 13:02:34,false,"Hamburg Laufen","10,72","966","01:10:41","153","167","4,5","153","167","6:36","5:14","38","42","1,00","8,9","8,9","311","6:31","344","0,0","342","480","10.686","'-19","No","00:01:26,6","22","01:10:26","01:12:25","'-2","7"
Running,2025-02-09 14:47:51,false,"Hamburg Laufen","11,24","978","01:18:43","140","160","3,6","152","169","7:00","6:16","36","42","0,94","9,2","8,7","321","6:59","322","0,0","320","437","11.788","'-16","No","00:01:34,9","23","01:18:33","01:19:45","'-0","11"
Running,2025-02-08 14:22:16,false,"Hamburg Laufen","10,31","905","01:08:31","144","157","4,0","152","167","6:39","5:45","36","39","1,00","8,9","8,9","314","6:34","341","0,0","339","461","10.290","'-17","No","00:02:09,6","21","01:08:14","01:11:22","'-3","7"
Running,2025-02-02 15:40:27,false,"Hamburg Laufen","8,48","741","00:55:52","144","156","3,6","153","160","6:35","5:57","28","36","1,00","8,9","8,9","312","6:32","336","0,0","335","470","8.402","'-11","No","00:03:07,2","17","00:55:38","00:57:58","'-4","9"
Running,2025-01-29 12:21:36,false,"Hamburg Laufen","10,27","921","01:08:21","149","158","4,0","151","165","6:39","5:31","43","54","1,00","8,9","8,9","314","6:33","345","0,0","343","469","10.216","'-13","No","00:01:58,8","21","01:08:02","01:10:57","'-5","6"
Other,2025-01-28 12:30:00,false,"Laufen","9,00","--","01:00:00","--","--","--","--","--","9,0","--","--","--","--","--","--","--","--","--","0,0","--","--","--","--","No","00:01:00","1","--:--:--","00:01:00","--","--"
Running,2025-01-26 11:41:51,false,"Hamburg Laufen","9,05","815","00:59:24","152","162","3,9","153","161","6:34","5:05","31","32","1,00","8,9","8,9","311","6:30","338","0,0","337","484","8.980","'-14","No","00:00:23,4","19","00:59:14","01:01:19","6","15"
Running,2025-01-25 12:06:43,false,"Hamburg Laufen","5,57","498","00:36:49","148","159","3,4","149","161","6:37","5:22","15","20","1,01","8,9","9,0","315","6:32","333","0,0","330","449","5.466","'-9","No","00:00:29,3","12","00:36:39","00:37:41","4","10"
Running,2025-01-17 13:10:43,false,"Hamburg Laufen","11,26","978","01:13:12","143","156","3,9","153","170","6:30","5:34","38","44","1,01","8,8","8,9","308","6:25","341","0,0","340","484","11.102","'-15","No","00:01:41,8","23","01:12:53","01:15:52","'-3","10"
Running,2025-01-16 11:16:59,false,"Hamburg Laufen","11,27","975","01:14:15","141","151","3,8","152","163","6:35","5:42","38","41","1,00","8,9","8,9","311","6:30","338","0,0","336","461","11.218","'-15","No","00:01:49,8","23","01:13:56","01:17:34","2","11"
Running,2025-01-15 12:30:41,false,"Hamburg Laufen","10,32","905","01:06:09","149","160","4,0","153","177","6:24","5:25","32","34","1,03","8,7","9,0","307","6:19","347","0,0","345","463","10.082","'-13","No","00:02:01,1","21","01:05:53","01:09:02","'-1","9"
Running,2025-01-13 15:37:40,false,"Hamburg Laufen","10,28","901","01:07:02","148","158","3,9","154","174","6:31","5:20","28","32","1,00","8,9","8,9","309","6:28","341","0,0","340","459","10.176","'-12","No","00:01:47,5","21","01:06:46","01:09:04","'-3","7"
Running,2025-01-11 13:48:43,false,"Hamburg Laufen","12,15","1.060","01:17:28","150","159","4,3","155","163","6:23","5:38","55","60","1,02","8,8","8,9","307","6:19","349","0,0","347","495","11.844","'-15","No","00:00:59,4","25","01:17:10","01:19:33","'-8","6"
Running,2025-01-10 11:30:42,false,"Hamburg Laufen","10,32","911","01:07:29","148","161","3,9","153","167","6:32","5:29","32","40","1,00","8,9","8,9","309","6:28","338","0,0","337","468","10.206","'-16","No","00:02:11,6","21","01:07:12","01:09:57","0","10"
Running,2025-01-09 12:56:43,false,"Hamburg Laufen","10,37","919","01:09:57","146","160","3,8","150","171","6:45","5:07","34","34","0,99","9,0","8,8","315","6:40","331","0,0","326","468","10.410","'-13","No","00:02:25,6","21","01:09:44","01:10:58","1","12"
Running,2025-01-07 11:20:01,false,"Hamburg Laufen","10,22","902","01:08:33","145","160","3,9","152","164","6:42","4:57","39","43","0,99","8,9","8,8","313","6:31","333","0,0","331","516","10.318","'-14","No","00:01:26,2","21","01:08:13","01:10:45","0","9"
Running,2025-01-04 10:09:54,false,"Hamburg Laufen","8,08","711","00:55:27","143","156","3,5","153","169","6:52","5:34","25","24","0,96","9,1","8,7","314","6:45","325","0,0","322","452","8.350","'-17","No","00:00:34,7","17","00:55:15","00:56:53","6","17"
Running,2025-01-03 10:31:34,false,"Hamburg Laufen","8,09","720","00:54:39","149","159","3,7","152","163","6:45","5:45","39","44","0,98","9,0","8,8","313","6:40","329","0,0","327","522","8.288","'-16","No","00:00:41,3","17","00:54:22","00:55:55","0","11"
Running,2024-12-31 08:54:06,false,"Hamburg - Basis","8,69","746","01:03:22","137","146","3,2","147","162","7:18","5:29","34","39","0,93","9,3","8,7","330","7:17","309","0,0","304","483","9.308","'-14","No","00:02:14,6","18","01:02:45","01:03:48","'-3","7"
Running,2024-12-29 12:21:20,false,"Hamburg Laufen","12,23","1.058","01:18:03","148","160","4,4","155","163","6:23","5:46","46","54","1,01","8,8","8,9","308","6:22","347","0,0","345","503","11.956","'-16","No","00:01:29,2","25","01:17:54","01:18:42","'-2","11"
Running,2024-12-28 13:26:46,false,"Hamburg Laufen","11,22","961","01:14:56","141","151","4,0","151","161","6:41","5:19","36","43","0,99","8,9","8,9","314","6:37","333","0,0","331","444","11.246","'-16","No","00:01:30,9","23","01:14:37","01:16:48","'-5","7"
Running,2024-12-26 09:16:46,false,"Hamburg Laufen","10,36","914","01:08:44","151","161","4,2","154","163","6:38","4:38","40","44","0,98","9,0","8,8","313","6:36","334","0,0","332","495","10.436","'-21","No","00:02:29,8","21","01:08:36","01:09:27","'-5","7"
Running,2024-12-24 13:08:42,false,"Hamburg Laufen","11,90","1.050","01:17:11","154","163","4,8","154","161","6:29","3:33","40","50","1,00","8,9","8,9","310","6:28","341","0,0","339","651","11.746","'-19","No","00:02:46,4","24","01:17:01","01:17:58","'-8","7"
Running,2024-12-22 13:20:41,false,"Hamburg Laufen","11,22","973","01:14:27","146","158","4,3","152","167","6:38","5:42","44","51","1,00","8,9","8,9","313","6:33","335","0,0","333","452","11.218","'-17","No","00:01:28,8","23","01:14:12","01:16:04","'-4","7"
Running,2024-12-20 09:22:09,false,"Hamburg Laufen","11,24","996","01:13:29","153","163","4,8","154","163","6:32","5:37","40","44","1,00","8,9","8,8","308","6:27","344","0,0","342","471","11.242","'-18","No","00:01:39,1","23","01:13:12","01:14:59","'-1","9"
Running,2024-12-18 11:13:38,false,"Hamburg Laufen","11,05","958","01:12:54","146","158","4,5","153","165","6:36","5:47","53","48","1,00","8,9","8,9","312","6:32","344","0,0","341","447","11.022","'-17","No","00:00:18,4","23","01:12:38","01:15:45","1","14"
Running,2024-12-17 12:43:08,false,"Hamburg Laufen","11,02","977","01:13:37","150","160","5,0","151","160","6:41","5:10","42","42","0,99","9,0","8,9","316","6:37","332","0,0","330","457","10.996","'-20","No","00:00:12,8","23","01:13:21","01:15:21","'-4","9"
Running,2024-12-14 15:24:58,false,"Hamburg Laufen","10,94","941","01:12:28","144","155","4,7","152","165","6:38","4:53","39","40","0,99","8,9","8,9","313","6:34","335","0,0","333","510","10.954","'-19","No","00:03:02,8","22","01:12:15","01:14:45","'-7","4"
Running,2024-12-13 13:50:38,false,"Hamburg Laufen","8,75","752","00:58:05","144","158","4,4","153","165","6:38","5:42","34","33","0,99","8,9","8,9","313","6:34","337","0,0","335","472","8.766","'-18","No","00:01:43,4","18","00:57:51","00:59:32","'-4","6"
Running,2024-12-10 12:05:22,false,"Hamburg Laufen","8,68","764","00:56:39","152","163","4,8","152","180","6:32","5:54","32","34","1,01","8,9","9,0","314","6:28","340","0,0","339","457","8.504","'-17","No","00:01:09,1","18","00:56:30","00:57:57","'-3","6"
Running,2024-12-09 12:56:02,false,"Hamburg Laufen","8,76","794","00:59:15","153","164","4,3","151","165","6:46","4:45","40","41","0,98","9,0","8,9","317","6:41","329","0,0","327","486","8.838","'-15","No","00:01:49,4","18","00:59:02","01:01:08","'-6","3"
Running,2024-12-08 09:08:18,false,"Hamburg Laufen","7,44","642","00:49:11","154","166","3,9","153","163","6:37","5:36","23","27","1,00","8,9","8,9","313","6:33","333","0,0","332","454","7.386","'-17","No","00:02:58,7","15","00:48:58","00:50:30","'-3","6"
Running,2024-12-06 13:41:04,false,"Hamburg Laufen","4,35","418","00:29:08","143","156","--","149","170","6:42","5:44","6","7","1,00","--","--","--","--","--","0,0","--","--","4.342","--","No","00:02:27,1","9","00:28:52","00:30:33","5","18"
Running,2024-12-03 12:19:20,false,"Hamburg Laufen","8,69","880","00:58:29","150","162","--","150","167","6:44","5:22","16","17","0,99","--","--","--","--","--","0,0","--","--","8.768","--","No","00:01:22,1","18","00:57:53","00:59:17","5","24"
Running,2024-12-02 13:06:18,false,"Hamburg Laufen","8,57","880","00:58:35","150","164","--","147","161","6:50","5:45","24","24","0,99","--","--","--","--","--","0,0","--","--","8.640","--","No","00:00:29,7","18","00:58:03","01:00:54","5","24"
Running,2024-12-01 17:57:00,false,"Laufen manuell","8,90","824","01:00:00","--","--","--","--","--","6:44","--","--","--","--","--","--","--","--","--","0,0","--","--","--","--","No","01:00:00","1","--:--:--","01:00:00","--","--"
Running,2024-11-30 10:07:00,false,"kein sync hamburg eilbek","8,50","690","00:57:13","--","--","--","--","--","6:44","--","--","--","--","--","--","--","--","--","0,0","--","--","--","--","No","00:43:13","1","--:--:--","00:43:13","--","--"
Running,2024-11-27 12:24:17,false,"Hamburg Laufen","7,02","760","00:46:07","158","166","--","152","166","6:34","4:23","12","12","1,00","--","--","--","--","--","0,0","--","--","7.002","--","No","00:00:10,0","15","00:45:57","00:46:52","5","19"
Running,2024-11-26 13:44:36,false,"Hamburg Laufen","5,47","592","00:36:59","154","165","--","149","161","6:46","5:25","11","13","0,99","--","--","--","--","--","0,0","--","--","5.504","--","No","00:03:10,6","11","00:36:25","00:38:12","5","15"
Running,2024-11-10 13:59:55,false,"Hamburg Laufen","8,40","869","00:54:00","156","168","--","154","165","6:26","5:45","34","30","1,01","--","--","--","--","--","0,0","--","--","8.316","--","No","00:02:46,6","17","00:53:49","00:54:49","5","24"
Running,2024-11-03 13:18:38,false,"Hamburg Laufen","5,47","525","00:34:09","149","162","--","154","167","6:15","5:18","14","15","1,04","--","--","--","--","--","0,0","--","--","5.244","--","No","00:02:48,8","11","00:33:59","00:34:54","5","16"
Running,2024-11-02 11:32:09,false,"Hamburg Laufen","5,49","531","00:35:11","147","164","--","152","164","6:25","5:26","15","17","1,03","--","--","--","--","--","0,0","--","--","5.334","--","No","00:03:02,1","11","00:34:52","00:36:00","5","16"
Running,2024-11-01 14:22:12,false,"Hamburg Laufen","5,46","552","00:33:52","156","170","--","152","166","6:12","5:10","14","16","1,06","--","--","--","--","--","0,0","--","--","5.156","--","No","00:02:42,2","11","00:33:32","00:34:57","5","15"
Running,2024-10-31 13:38:37,false,"Hamburg Laufen","5,49","527","00:38:21","140","164","--","148","164","6:59","3:25","10","11","0,97","--","--","--","--","--","0,0","--","--","5.668","--","No","00:03:06,5","11","00:38:02","00:38:59","5","16"
Running,2024-10-20 08:29:32,false,"Hamburg Laufen","10,88","1.061","01:11:23","150","163","--","153","174","6:34","5:38","20","23","0,99","--","--","--","--","--","0,0","--","--","10.942","--","No","00:02:32,1","22","01:10:47","01:11:58","7","23"
Running,2024-10-14 12:22:22,false,"Hamburg Laufen","11,65","966","01:18:05","140","160","--","152","179","6:42","5:41","24","26","0,98","--","--","--","--","--","0,0","--","--","11.864","--","No","00:00:55,7","24","01:17:16","01:20:36","5","24"
Running,2024-10-11 09:58:52,false,"Hamburg Laufen","11,48","1.037","01:17:35","144","163","--","153","196","6:46","4:23","27","28","0,97","--","--","--","--","--","0,0","--","--","11.878","--","No","00:03:08,9","23","01:16:46","01:22:21","5","23"
Running,2024-10-10 11:21:09,false,"Hamburg Laufen","11,39","1.044","01:16:40","145","160","--","152","187","6:44","5:39","39","39","0,98","--","--","--","--","--","0,0","--","--","11.672","--","No","00:02:38,3","23","01:16:11","01:18:59","5","24"
Running,2024-10-08 10:53:30,false,"Hamburg Laufen","11,37","992","01:17:56","141","160","--","151","172","6:51","4:07","24","24","0,97","--","--","--","--","--","0,0","--","--","11.776","--","No","00:02:29,7","23","01:17:22","01:20:18","5","24"
Running,2024-10-07 13:10:19,false,"Hamburg Laufen","8,73","815","00:58:24","145","159","--","150","164","6:41","5:25","26","25","1,00","--","--","--","--","--","0,0","--","--","8.772","--","No","00:01:34,9","18","00:57:59","01:00:21","5","24"
Running,2024-10-05 13:32:22,false,"Gremersdorf Laufen","11,59","1.115","01:19:52","146","164","--","150","160","6:54","6:16","58","64","0,97","--","--","--","--","--","0,0","--","--","11.964","--","No","00:00:37,5","24","01:19:29","01:20:38","'-1","40"
Running,2024-09-24 12:20:18,false,"Gremersdorf Laufen","11,13","974","01:15:37","142","155","--","151","159","6:47","6:20","50","50","0,98","--","--","--","--","--","0,0","--","--","11.390","--","No","00:00:59,2","23","01:15:15","01:16:38","0","40"
Running,2024-09-23 13:07:54,false,"Gremersdorf Laufen","10,93","1.103","01:15:28","149","162","--","150","162","6:54","6:10","57","57","0,96","--","--","--","--","--","0,0","--","--","11.338","--","No","00:02:55,9","22","01:15:03","01:16:28","1","35"
Running,2024-09-16 12:42:40,false,"Gremersdorf Laufen","12,22","986","01:23:02","138","153","--","151","158","6:48","6:26","45","45","0,97","--","--","--","--","--","0,0","--","--","12.570","--","No","00:01:26,9","25","01:22:49","01:23:20","0","40"
Running,2024-09-15 08:37:32,false,"Gremersdorf Laufen","12,26","1.192","01:22:47","148","161","--","153","184","6:45","5:02","61","62","0,97","--","--","--","--","--","0,0","--","--","12.694","--","No","00:01:44,3","25","01:22:37","01:23:05","0","40"
Running,2024-09-13 14:08:58,false,"Gremersdorf Laufen","12,18","1.028","01:22:08","141","156","--","152","160","6:45","5:38","49","50","0,98","--","--","--","--","--","0,0","--","--","12.484","--","No","00:01:10,9","25","01:21:54","01:24:08","0","40"
Running,2024-09-12 17:10:02,false,"Gremersdorf Laufen","10,28","891","01:08:49","143","159","--","152","159","6:42","6:21","61","60","0,98","--","--","--","--","--","0,0","--","--","10.442","--","No","00:01:52,9","21","01:08:45","01:08:56","0","49"
Running,2024-09-11 10:48:48,false,"Gremersdorf Laufen","11,51","966","01:17:01","142","156","--","153","169","6:41","5:37","50","50","0,98","--","--","--","--","--","0,0","--","--","11.782","--","No","00:00:06,1","24","01:16:35","01:17:38","1","40"
Running,2024-09-10 11:48:31,false,"Gremersdorf Laufen","11,51","1.109","01:17:10","150","166","--","152","169","6:42","6:12","52","51","0,98","--","--","--","--","--","0,0","--","--","11.750","--","No","00:00:05,4","24","01:17:02","01:17:20","0","40"
Running,2024-09-06 07:24:04,false,"Hamburg Laufen","11,39","1.089","01:17:20","147","163","--","152","172","6:47","3:13","42","43","0,97","--","--","--","--","--","0,0","--","--","11.772","--","No","00:02:42,2","23","01:16:08","01:21:24","6","23"
Running,2024-09-05 06:12:55,false,"Hamburg Laufen","12,12","1.190","01:22:59","148","166","--","150","164","6:51","5:39","36","37","0,97","--","--","--","--","--","0,0","--","--","12.466","--","No","00:00:51,0","25","01:22:11","01:25:42","'-8","23"
Running,2024-09-01 09:43:32,false,"Hamburg Laufen","11,74","1.138","01:20:47","146","164","--","150","163","6:53","4:55","43","41","0,97","--","--","--","--","--","0,0","--","--","12.088","--","No","00:01:42,8","24","01:19:56","01:23:53","5","24"
Running,2024-08-29 06:58:03,false,"Gremersdorf Laufen","11,14","1.079","01:18:33","147","162","--","150","162","7:03","6:28","56","55","0,94","--","--","--","--","--","0,0","--","--","11.808","--","No","00:00:58,0","23","01:18:29","01:18:39","2","41"
Running,2024-08-28 07:01:49,false,"Gremersdorf Laufen","11,51","1.063","01:22:40","143","159","--","149","160","7:11","6:43","48","50","0,93","--","--","--","--","--","0,0","--","--","12.320","--","No","00:00:06,2","24","01:22:34","01:22:52","0","41"
Running,2024-08-16 07:29:36,false,"Gremersdorf Laufen","11,51","1.058","01:18:48","145","160","--","152","164","6:51","6:02","59","59","0,96","--","--","--","--","--","0,0","--","--","11.994","--","No","00:00:04,9","24","01:18:13","01:20:02","0","41"
Running,2024-08-15 07:11:45,false,"Gremersdorf Laufen","11,51","1.041","01:18:38","143","159","--","152","159","6:50","6:24","59","58","0,97","--","--","--","--","--","0,0","--","--","11.916","--","No","00:00:03,3","24","01:18:33","01:18:38","0","40"
Running,2024-08-14 07:10:58,false,"Gremersdorf Laufen","10,12","989","01:07:36","148","164","--","154","161","6:41","6:21","48","46","0,97","--","--","--","--","--","0,0","--","--","10.382","--","No","00:00:44,5","21","01:07:33","01:07:36","1","40"
Running,2024-08-12 11:54:22,false,"Hamburg Laufen","11,58","1.131","01:18:32","148","164","--","149","164","6:47","2:58","37","35","0,99","--","--","--","--","--","0,0","--","--","11.740","--","No","00:00:32,3","24","01:17:40","01:21:59","5","24"
Running,2024-08-08 12:14:58,false,"Gremersdorf Laufen","10,78","1.059","01:12:48","149","163","--","152","162","6:45","6:30","32","55","0,98","--","--","--","--","--","0,0","--","--","11.042","--","No","00:01:55,0","22","01:12:46","01:12:48","1","40"
Running,2024-08-02 13:30:34,false,"Gremersdorf Laufen","11,51","997","01:18:48","145","219","--","150","160","6:51","6:26","57","57","0,97","--","--","--","--","--","0,0","--","--","11.840","--","No","00:00:06,7","24","01:18:42","01:19:00","1","40"
Running,2024-08-01 11:54:58,false,"Gremersdorf Laufen","11,51","1.140","01:18:12","149","165","--","152","160","6:48","5:31","50","49","0,97","--","--","--","--","--","0,0","--","--","11.864","--","No","00:00:02,3","24","01:18:00","01:18:22","0","40"
Running,2024-07-31 12:40:08,false,"Gremersdorf Laufen","11,59","1.205","01:20:18","151","166","--","150","160","6:56","6:31","61","60","0,96","--","--","--","--","--","0,0","--","--","12.024","--","No","00:00:35,0","24","01:20:04","01:20:36","'-1","40"
Running,2024-07-27 10:41:54,false,"Hamburg Laufen","9,02","841","01:00:43","145","160","--","152","163","6:44","3:23","28","25","0,98","--","--","--","--","--","0,0","--","--","9.228","--","No","00:00:07,4","19","00:59:50","01:02:13","5","24"
Running,2024-07-24 12:12:53,false,"Gremersdorf Laufen","11,51","1.093","01:19:05","146","159","--","151","163","6:52","5:52","58","59","0,97","--","--","--","--","--","0,0","--","--","11.918","--","No","00:00:06,2","24","01:18:50","01:19:43","0","40"
Running,2024-07-23 06:42:36,false,"Gremersdorf Laufen","11,52","986","01:18:33","140","155","--","155","165","6:49","6:30","53","53","0,95","--","--","--","--","--","0,0","--","--","12.156","--","No","00:00:06,8","24","01:18:28","01:18:39","1","40"
Running,2024-07-22 12:06:14,false,"Gremersdorf Laufen","11,51","1.002","01:19:11","141","157","--","151","161","6:53","5:37","58","57","0,96","--","--","--","--","--","0,0","--","--","11.954","--","No","00:00:05,6","24","01:18:54","01:19:38","0","40"
Running,2024-07-21 07:27:33,false,"Gremersdorf Laufen","11,36","1.081","01:18:50","145","160","--","153","160","6:56","6:33","46","47","0,94","--","--","--","--","--","0,0","--","--","12.052","--","No","00:02:23,9","23","01:18:47","01:18:50","1","40"
Running,2024-07-17 12:33:27,false,"Gremersdorf Laufen","11,20","1.098","01:16:50","148","162","--","152","161","6:52","3:41","47","46","0,96","--","--","--","--","--","0,0","--","--","11.650","--","No","00:01:21,8","23","01:16:45","01:16:50","1","40"
Running,2024-07-15 12:45:34,false,"Hamburg Laufen","11,28","1.255","01:17:56","155","171","--","148","163","6:55","5:35","31","30","0,98","--","--","--","--","--","0,0","--","--","11.540","--","No","00:02:02,4","23","01:16:55","01:21:26","5","24"
Running,2024-07-13 15:22:11,false,"Hamburg Laufen","11,31","1.226","01:17:16","153","167","--","148","169","6:50","5:23","23","24","0,99","--","--","--","--","--","0,0","--","--","11.450","--","No","00:02:13,6","23","01:16:03","01:19:32","5","24"
Running,2024-06-25 06:57:00,false,"Hamburg Laufen","12,56","1.090","01:24:10","141","159","--","153","177","6:42","5:34","29","29","0,98","--","--","--","--","--","0,0","--","--","12.854","--","No","00:00:24,5","26","01:23:40","01:27:33","5","24"
Running,2024-06-24 14:13:38,false,"Hamburg Laufen","12,41","1.084","01:24:14","141","154","--","148","164","6:47","5:03","36","36","0,99","--","--","--","--","--","0,0","--","--","12.502","--","No","00:02:42,9","25","01:23:10","01:26:54","5","24"
Running,2024-06-23 08:14:29,false,"Hamburg Laufen","11,09","926","01:13:38","139","147","--","153","172","6:38","5:35","26","25","0,98","--","--","--","--","--","0,0","--","--","11.270","--","No","00:00:37,0","23","01:13:31","01:14:03","5","23"
Running,2024-06-21 07:44:41,false,"Gremersdorf Laufen","11,51","906","01:18:27","137","148","--","154","168","6:49","6:16","49","50","0,95","--","--","--","--","--","0,0","--","--","12.090","--","No","00:00:08,6","24","01:18:14","01:20:09","1","40"
Running,2024-06-20 14:25:52,false,"Gremersdorf Laufen","11,51","1.031","01:17:22","144","160","--","152","162","6:43","6:17","55","55","0,98","--","--","--","--","--","0,0","--","--","11.798","--","No","00:00:04,0","24","01:17:12","01:17:37","0","40"
Running,2024-06-18 11:39:05,false,"Gremersdorf Laufen","11,51","984","01:20:07","139","156","--","149","161","6:58","6:10","57","58","0,96","--","--","--","--","--","0,0","--","--","11.952","--","No","00:00:04,2","24","01:19:56","01:20:39","0","40"
Running,2024-06-17 12:21:59,false,"Hamburg Laufen","11,81","1.054","01:17:45","143","159","--","153","165","6:35","2:45","25","25","1,00","--","--","--","--","--","0,0","--","--","11.864","--","No","00:02:10,9","24","01:16:37","01:20:00","7","23"
Running,2024-06-14 10:52:23,false,"Gremersdorf Laufen","12,26","1.236","01:21:46","152","165","--","155","164","6:40","6:11","67","70","0,97","--","--","--","--","--","0,0","--","--","12.670","--","No","00:01:46,4","25","01:21:38","01:21:55","1","36"
Running,2024-06-13 06:47:52,false,"Gremersdorf Laufen","10,09","844","01:07:39","140","155","--","154","165","6:42","4:34","43","42","0,97","--","--","--","--","--","0,0","--","--","10.428","--","No","00:00:36,1","21","01:07:15","01:08:38","1","40"
Running,2024-06-10 12:28:42,false,"Hamburg Laufen","11,05","940","01:14:18","140","151","--","150","166","6:43","5:31","32","31","0,99","--","--","--","--","--","0,0","--","--","11.148","--","No","00:00:24,5","23","01:13:45","01:16:42","5","24"
Running,2024-06-08 08:30:27,false,"Gremersdorf Laufen","11,51","903","01:18:06","138","150","--","153","162","6:47","6:10","55","55","0,96","--","--","--","--","--","0,0","--","--","11.956","--","No","00:00:03,1","24","01:17:51","01:18:50","0","40"
Running,2024-06-07 13:01:55,false,"Gremersdorf Laufen","11,51","983","01:20:11","143","158","--","149","157","6:58","6:34","52","51","0,97","--","--","--","--","--","0,0","--","--","11.918","--","No","00:00:07,4","24","01:19:56","01:20:28","0","40"
Running,2024-06-06 11:36:00,false,"Gremersdorf Laufen","11,50","138","01:17:41","135","146","--","149","153","6:45","6:49","29","--","0,96","--","--","--","--","--","0,0","--","--","1.586","--","No","00:00:07,7","4","00:10:40","00:10:47","4","34"
Running,2024-06-03 12:14:11,false,"Hamburg Laufen","8,88","747","00:59:53","138","149","--","150","162","6:45","5:39","31","29","0,99","--","--","--","--","--","0,0","--","--","9.002","--","No","00:02:35,6","18","00:59:40","01:01:43","5","24"
Running,2024-06-01 15:32:05,false,"Gremersdorf Laufen","11,50","1.065","01:24:36","140","165","--","149","159","7:21","6:24","53","53","0,92","--","--","--","--","--","0,0","--","--","12.574","--","No","00:00:02,7","24","01:24:24","01:25:26","0","40"
Running,2024-05-31 13:48:06,false,"Gremersdorf Laufen","11,51","1.191","01:18:36","152","165","--","151","161","6:50","5:46","50","50","0,97","--","--","--","--","--","0,0","--","--","11.872","--","No","00:00:05,2","24","01:18:14","01:19:02","0","40"
Running,2024-05-29 12:42:29,false,"Gremersdorf Laufen","11,35","981","01:17:57","140","158","--","151","159","6:52","6:00","56","55","0,96","--","--","--","--","--","0,0","--","--","11.802","--","No","00:02:22,9","23","01:17:52","01:18:06","0","35"
Running,2024-05-24 10:03:44,false,"Hamburg Laufen","11,04","1.149","01:15:53","150","163","--","149","172","6:52","4:09","28","27","0,98","--","--","--","--","--","0,0","--","--","11.320","--","No","00:00:20,3","23","01:15:01","01:19:07","5","23"
Running,2024-05-22 12:17:06,false,"Hamburg Laufen","8,87","852","00:57:53","146","158","--","154","184","6:32","5:11","30","29","1,00","--","--","--","--","--","0,0","--","--","8.890","--","No","00:02:24,6","18","00:57:23","00:59:50","5","24"
Running,2024-05-21 18:02:22,false,"Hamburg Laufen","11,05","1.110","01:12:26","150","162","--","152","164","6:33","5:22","32","30","1,00","--","--","--","--","--","0,0","--","--","11.022","--","No","00:00:21,1","23","01:11:43","01:13:52","5","24"
Running,2024-05-19 15:11:19,false,"Gremersdorf Laufen","10,94","1.097","01:13:55","149","165","--","150","157","6:45","6:10","60","40","0,99","--","--","--","--","--","0,0","--","--","11.076","--","No","00:02:53,8","22","01:13:42","01:14:05","4","40"
Other,2024-05-16 15:49:00,false,"Gremersdorf - Ohne Uhr","10,00","--","01:05:00","--","--","--","--","--","9,2","--","--","--","--","--","--","--","--","--","0,0","--","--","--","--","No","00:00:00","1","--:--:--","00:00:00","--","--"
Running,2024-05-11 16:29:59,false,"Hamburg Laufen","11,01","1.092","01:14:03","148","159","--","150","164","6:44","4:59","35","33","0,99","--","--","--","--","--","0,0","--","--","11.142","--","No","00:00:05,4","23","01:13:34","01:16:33","5","24"
Running,2024-05-09 14:40:48,false,"Gremersdorf Laufen","11,52","1.096","01:16:16","148","166","--","154","165","6:37","6:15","58","57","0,98","--","--","--","--","--","0,0","--","--","11.720","--","No","00:00:08,8","24","01:16:12","01:16:16","0","40"
Running,2024-05-08 12:59:52,false,"Gremersdorf Laufen","11,50","1.033","01:17:45","143","162","--","151","164","6:46","5:19","49","48","0,98","--","--","--","--","--","0,0","--","--","11.774","--","No","00:03:17,9","23","01:17:31","01:19:21","1","40"
Running,2024-05-05 13:44:45,false,"Hamburg Laufen","11,13","944","01:18:40","135","150","--","149","169","7:04","6:13","29","27","0,95","--","--","--","--","--","0,0","--","--","11.702","--","No","00:00:59,5","23","01:18:05","01:20:10","5","24"
Running,2024-05-03 12:12:16,false,"Gremersdorf Laufen","10,02","951","01:07:52","145","160","--","151","162","6:46","6:02","49","52","0,98","--","--","--","--","--","0,0","--","--","10.272","--","No","00:00:09,8","21","01:07:08","01:09:53","0","40"
Running,2024-04-29 15:19:20,false,"Gremersdorf Laufen","10,63","1.040","01:10:36","149","165","--","153","165","6:38","6:12","51","51","0,98","--","--","--","--","--","0,0","--","--","10.798","--","No","00:00:48,7","22","01:10:32","01:10:45","0","35"
Running,2024-04-27 14:21:41,false,"Gremersdorf Laufen","10,06","965","01:06:36","148","162","--","151","162","6:37","5:27","56","53","1,00","--","--","--","--","--","0,0","--","--","10.088","--","No","00:00:22,7","21","01:06:21","01:06:58","1","40"
Running,2024-04-25 10:48:30,false,"Gremersdorf Laufen","10,25","889","01:08:11","143","160","--","154","166","6:39","6:07","43","41","0,98","--","--","--","--","--","0,0","--","--","10.502","--","No","00:01:39,8","21","01:08:05","01:08:17","1","35"
Running,2024-04-22 12:50:04,false,"Hamburg Laufen","8,67","807","00:57:13","143","159","--","150","163","6:36","3:18","12","13","1,01","--","--","--","--","--","0,0","--","--","8.560","--","No","00:01:11,4","18","00:56:54","00:58:37","5","20"
Running,2024-04-17 07:17:25,false,"Hamburg Laufen","10,31","1.032","01:07:27","149","163","--","153","165","6:32","4:37","31","30","1,00","--","--","--","--","--","0,0","--","--","10.304","--","No","00:02:08,5","21","01:06:48","01:11:33","5","24"
Running,2024-04-16 11:13:58,false,"Hamburg Laufen","10,44","977","01:10:07","143","158","--","149","164","6:43","5:51","24","21","1,00","--","--","--","--","--","0,0","--","--","10.478","--","No","00:02:57,3","21","01:09:57","01:10:51","5","23"
Running,2024-04-13 14:30:12,false,"Gremersdorf Laufen","10,08","1.052","01:07:39","152","166","--","151","174","6:43","6:01","45","44","0,98","--","--","--","--","--","0,0","--","--","10.244","--","No","00:01:39,5","21","01:07:28","01:07:55","0","40"
Running,2024-04-07 14:28:36,false,"Hamburg Laufen","5,17","528","00:33:44","146","161","--","151","164","6:31","4:40","7","9","1,02","--","--","--","--","--","0,0","--","--","5.084","--","No","00:01:06,5","11","00:33:29","00:34:48","5","16"
Running,2024-04-03 10:56:29,false,"Gremersdorf Laufen","9,09","788","01:06:21","136","155","--","150","163","7:18","6:24","54","57","0,91","--","--","--","--","--","0,0","--","--","9.946","--","No","00:00:42,1","19","01:06:08","01:06:34","0","40"
Running,2024-03-28 12:04:22,false,"Hamburg Laufen","5,44","502","00:34:59","139","150","--","154","164","6:26","4:41","14","15","1,01","--","--","--","--","--","0,0","--","--","5.390","--","No","00:02:54,3","11","00:34:42","00:35:26","5","16"
Running,2024-03-27 11:55:26,false,"Hamburg Laufen","10,39","1.026","01:05:15","150","168","--","154","178","6:17","4:50","43","40","1,03","--","--","--","--","--","0,0","--","--","10.078","--","No","00:02:21,0","21","01:04:20","01:08:08","5","24"
Running,2024-03-26 07:30:23,false,"Hamburg Laufen","8,52","722","00:57:10","137","145","--","152","164","6:43","5:32","32","31","0,98","--","--","--","--","--","0,0","--","--","8.708","--","No","00:00:10,1","18","00:56:51","00:57:45","5","20"
Running,2024-03-25 12:58:29,false,"Hamburg Laufen","9,38","797","01:02:50","137","146","--","152","169","6:42","5:47","29","29","0,98","--","--","--","--","--","0,0","--","--","9.570","--","No","00:02:35,5","19","01:02:10","01:04:09","5","23"
Running,2024-03-24 14:51:14,false,"Hamburg Laufen","10,43","890","01:08:40","140","157","--","153","168","6:35","2:46","33","33","0,99","--","--","--","--","--","0,0","--","--","10.502","--","No","00:02:48,0","21","01:08:21","01:10:35","5","24"
Running,2024-03-21 12:10:38,false,"Hamburg Laufen","10,34","954","01:08:51","143","158","--","153","166","6:39","5:35","40","39","0,99","--","--","--","--","--","0,0","--","--","10.510","--","No","00:02:16,8","21","01:08:20","01:10:23","5","23"
Running,2024-03-19 12:01:08,false,"Hamburg Laufen","8,35","733","00:55:27","138","150","--","152","165","6:39","5:44","24","23","0,99","--","--","--","--","--","0,0","--","--","8.422","--","No","00:02:21,3","17","00:54:58","00:57:04","5","22"
Running,2024-03-14 12:03:03,false,"Hamburg Laufen","5,42","472","00:36:18","135","143","--","154","164","6:42","5:57","18","17","0,97","--","--","--","--","--","0,0","--","--","5.580","--","No","00:02:51,6","11","00:36:08","00:36:55","5","15"
Running,2024-03-13 10:46:52,false,"Hamburg Laufen","10,43","914","01:08:46","141","150","--","153","185","6:36","5:27","33","31","0,99","--","--","--","--","--","0,0","--","--","10.544","--","No","00:02:47,9","21","01:08:21","01:10:38","5","23"
Running,2024-03-09 13:38:18,false,"Hamburg Laufen","10,39","844","01:07:48","138","148","--","154","166","6:31","5:28","33","31","1,00","--","--","--","--","--","0,0","--","--","10.416","--","No","00:02:40,9","21","01:07:05","01:10:46","6","24"
Running,2024-03-06 12:23:06,false,"Hamburg Laufen","10,45","897","01:07:12","141","152","--","154","169","6:26","4:32","32","31","1,01","--","--","--","--","--","0,0","--","--","10.384","--","No","00:02:56,1","21","01:06:36","01:08:27","5","23"
Running,2024-03-05 11:42:49,false,"Hamburg Laufen","10,41","899","01:06:37","142","153","--","155","166","6:24","5:35","29","23","1,01","--","--","--","--","--","0,0","--","--","10.306","--","No","00:02:36,7","21","01:05:57","01:09:17","5","24"
Running,2024-03-04 12:19:38,false,"Hamburg Laufen","8,99","805","00:58:48","142","153","--","152","166","6:33","4:15","26","27","1,00","--","--","--","--","--","0,0","--","--","8.952","--","No","00:03:07,4","18","00:58:23","00:59:28","5","24"
Running,2024-03-02 17:02:23,false,"Hamburg Laufen","5,48","489","00:35:24","138","148","--","151","161","6:27","4:48","8","10","1,02","--","--","--","--","--","0,0","--","--","5.358","--","No","00:03:06,8","11","00:35:20","00:35:58","5","16"
Running,2024-03-01 08:51:22,false,"Hamburg Laufen","9,25","867","00:59:53","145","157","--","154","173","6:29","5:51","32","29","1,00","--","--","--","--","--","0,0","--","--","9.236","--","No","00:01:49,6","19","00:59:12","01:02:39","5","24"
Running,2024-02-28 12:05:29,false,"Hamburg Laufen","10,36","897","01:08:00","140","151","--","153","176","6:34","5:05","38","37","1,00","--","--","--","--","--","0,0","--","--","10.392","--","No","00:02:25,5","21","01:07:22","01:10:55","5","24"
Running,2024-02-27 11:58:23,false,"Hamburg Laufen","10,43","879","01:08:43","139","152","--","153","168","6:35","5:37","35","33","1,00","--","--","--","--","--","0,0","--","--","10.490","--","No","00:02:46,6","21","01:08:09","01:11:07","5","24"
Running,2024-02-25 12:53:45,false,"Hamburg Laufen","10,39","919","01:07:44","142","155","--","154","172","6:31","5:08","33","30","1,00","--","--","--","--","--","0,0","--","--","10.422","--","No","00:02:36,2","21","01:07:28","01:09:06","5","23"
Running,2024-02-23 14:45:48,false,"Hamburg Laufen","8,70","763","00:56:56","140","150","--","153","164","6:33","4:54","16","15","1,00","--","--","--","--","--","0,0","--","--","8.712","--","No","00:01:23,6","18","00:56:33","00:59:09","5","21"
Running,2024-02-21 11:35:06,false,"Hamburg Laufen","5,45","486","00:36:42","136","148","--","151","163","6:44","2:11","7","8","0,98","--","--","--","--","--","0,0","--","--","5.554","--","No","00:03:01,2","11","00:36:23","00:38:25","4","15"
Running,2024-02-20 16:34:21,false,"Hamburg Laufen","10,39","876","01:10:35","137","152","--","150","166","6:47","5:35","47","44","0,98","--","--","--","--","--","0,0","--","--","10.618","--","No","00:02:37,0","21","01:10:11","01:11:21","5","24"
Running,2024-02-19 12:21:01,false,"Hamburg Laufen","9,09","789","01:01:01","139","150","--","151","164","6:43","4:53","22","18","0,98","--","--","--","--","--","0,0","--","--","9.244","--","No","00:00:38,2","19","01:00:28","01:01:48","5","23"
Running,2024-02-15 13:24:55,false,"Hamburg Laufen","6,45","589","00:43:07","139","149","--","150","163","6:41","5:29","7","8","0,99","--","--","--","--","--","0,0","--","--","6.488","--","No","00:02:59,7","13","00:42:51","00:44:26","5","16"
Running,2024-02-14 11:32:16,false,"Hamburg Laufen","6,86","627","00:45:58","140","152","--","151","165","6:42","3:01","22","21","0,99","--","--","--","--","--","0,0","--","--","6.924","--","No","00:02:36,3","14","00:45:37","00:47:29","5","18"
Running,2024-02-12 12:48:48,false,"Hamburg Laufen","5,46","490","00:36:34","137","147","--","151","163","6:41","5:51","15","15","0,99","--","--","--","--","--","0,0","--","--","5.516","--","No","00:03:05,0","11","00:36:19","00:37:30","5","15"
Running,2024-02-11 15:02:59,false,"Hamburg Laufen","8,48","755","00:55:52","140","152","--","151","163","6:35","5:40","25","25","1,00","--","--","--","--","--","0,0","--","--","8.440","--","No","00:03:09,1","17","00:55:20","00:57:48","5","19"
Running,2024-02-10 13:02:09,false,"Hamburg Laufen","9,37","918","01:01:31","147","158","--","153","169","6:34","5:26","30","27","1,00","--","--","--","--","--","0,0","--","--","9.388","--","No","00:02:29,3","19","01:01:12","01:02:45","5","21"
Running,2024-02-09 15:45:09,false,"Hamburg Laufen","5,30","522","00:34:33","145","162","--","152","163","6:31","5:56","20","21","1,01","--","--","--","--","--","0,0","--","--","5.262","--","No","00:01:54,3","11","00:34:29","00:35:13","5","16"
Running,2024-02-08 12:20:42,false,"Hamburg Laufen","8,56","801","00:56:03","143","156","--","153","166","6:33","6:03","25","25","1,00","--","--","--","--","--","0,0","--","--","8.568","--","No","00:00:24,4","18","00:55:47","00:57:16","5","20"
Running,2024-02-07 10:20:14,false,"Hamburg Laufen","8,56","791","00:55:30","144","155","--","154","168","6:29","5:49","16","16","1,00","--","--","--","--","--","0,0","--","--","8.540","--","No","00:00:25,7","18","00:55:08","00:57:48","5","20"
Running,2024-01-31 12:20:27,false,"Hamburg Laufen","10,35","918","01:07:42","143","153","--","153","171","6:33","4:46","42","42","1,00","--","--","--","--","--","0,0","--","--","10.390","--","No","00:02:17,1","21","01:07:06","01:09:45","5","24"
Running,2024-01-30 12:27:21,false,"Hamburg Laufen","10,35","902","01:08:14","141","153","--","153","169","6:36","5:37","44","42","0,99","--","--","--","--","--","0,0","--","--","10.462","--","No","00:02:16,3","21","01:07:33","01:11:39","5","24"
Running,2024-01-29 12:42:50,false,"Hamburg Laufen","9,04","797","00:59:38","140","152","--","153","164","6:36","6:06","34","34","0,99","--","--","--","--","--","0,0","--","--","9.124","--","No","00:00:15,1","19","00:59:12","01:01:23","5","22"
Running,2024-01-28 14:46:57,false,"Hamburg Laufen","9,05","825","00:59:05","143","159","--","154","166","6:32","5:49","29","25","1,00","--","--","--","--","--","0,0","--","--","9.086","--","No","00:00:22,8","19","00:58:44","01:00:34","5","22"
Running,2024-01-27 14:19:01,false,"Hamburg Laufen","5,47","460","00:35:07","136","147","--","154","164","6:25","4:26","12","13","1,01","--","--","--","--","--","0,0","--","--","5.394","--","No","00:03:03,7","11","00:34:34","00:37:13","5","15"
Running,2024-01-25 10:47:58,false,"Hamburg Laufen","8,37","756","00:55:27","143","159","--","153","165","6:37","6:01","16","16","0,98","--","--","--","--","--","0,0","--","--","8.504","--","No","00:02:36,1","17","00:55:16","00:56:18","5","20"
Running,2024-01-24 11:48:38,false,"Hamburg Laufen","6,42","584","00:42:56","140","151","--","153","164","6:41","4:45","9","8","0,98","--","--","--","--","--","0,0","--","--","6.566","--","No","00:02:43,7","13","00:42:21","00:43:58","5","16"
Running,2024-01-23 11:52:18,false,"Hamburg Laufen","7,89","717","00:52:25","142","153","--","154","164","6:39","6:00","25","24","0,98","--","--","--","--","--","0,0","--","--","8.052","--","No","00:02:39,0","16","00:52:03","00:53:20","5","18"
Running,2024-01-21 14:03:35,false,"Hamburg Laufen","6,46","574","00:42:20","139","152","--","155","165","6:33","5:24","4","5","0,99","--","--","--","--","--","0,0","--","--","6.550","--","No","00:02:50,4","13","00:42:10","00:43:21","6","16"
Running,2024-01-19 11:05:15,false,"Hamburg Laufen","8,53","805","00:56:10","146","158","--","155","166","6:35","5:25","31","31","0,98","--","--","--","--","--","0,0","--","--","8.696","--","No","00:00:12,6","18","00:55:27","00:58:14","5","20"
Running,2024-01-18 12:24:27,false,"Hamburg Laufen","6,94","637","00:46:46","140","155","--","153","166","6:44","5:49","9","8","0,97","--","--","--","--","--","0,0","--","--","7.178","--","No","00:02:54,8","14","00:46:22","00:47:54","5","18"
Running,2024-01-16 12:15:46,false,"Hamburg Laufen","8,69","788","00:57:59","141","156","--","155","167","6:40","5:27","32","32","0,96","--","--","--","--","--","0,0","--","--","9.010","--","No","00:01:21,3","18","00:57:26","00:59:15","5","20"
Running,2024-01-15 12:29:52,false,"Hamburg Laufen","6,51","659","00:44:07","147","158","--","152","162","6:47","3:02","9","11","0,97","--","--","--","--","--","0,0","--","--","6.710","--","No","00:00:03,8","14","00:43:51","00:44:14","5","16"
Running,2024-01-13 09:44:34,false,"Hamburg Laufen","8,53","821","00:56:39","146","161","--","156","165","6:39","4:54","21","20","0,97","--","--","--","--","--","0,0","--","--","8.808","--","No","00:00:13,1","18","00:56:24","00:57:02","5","19"
Running,2024-01-12 14:11:32,false,"Hamburg Laufen","6,47","601","00:43:54","140","152","--","153","169","6:47","5:37","27","26","0,97","--","--","--","--","--","0,0","--","--","6.700","--","No","00:03:10,3","13","00:43:27","00:45:25","5","17"
Running,2024-01-10 11:31:52,false,"Hamburg Laufen","8,60","770","00:58:36","140","153","--","152","163","6:49","6:13","18","19","0,97","--","--","--","--","--","0,0","--","--","8.906","--","No","00:00:42,5","18","00:58:25","00:59:39","5","20"
Running,2024-01-09 12:28:07,false,"Hamburg Laufen","5,44","532","00:37:49","144","165","--","150","162","6:57","6:15","16","17","0,96","--","--","--","--","--","0,0","--","--","5.686","--","No","00:03:06,5","11","00:37:21","00:39:18","5","15"
Running,2024-01-05 12:29:37,false,"Hamburg Laufen","6,88","691","00:46:01","148","165","--","154","169","6:41","5:52","20","17","0,97","--","--","--","--","--","0,0","--","--","7.070","--","No","00:02:35,5","14","00:45:38","00:47:38","5","19"
Running,2024-01-04 12:03:18,false,"Hamburg Laufen","5,45","537","00:36:01","146","159","--","153","164","6:36","5:29","4","5","0,99","--","--","--","--","--","0,0","--","--","5.506","--","No","00:02:58,3","11","00:35:42","00:38:20","5","15"
Running,2024-01-03 10:41:20,false,"Hamburg Laufen","6,84","729","00:46:19","150","166","--","151","163","6:46","5:51","20","18","0,98","--","--","--","--","--","0,0","--","--","7.014","--","No","00:02:21,9","14","00:45:39","00:47:49","5","18"
Running,2024-01-02 12:25:49,false,"Hamburg Laufen","5,50","604","00:36:24","154","168","--","153","162","6:37","6:10","11","12","0,99","--","--","--","--","--","0,0","--","--","5.582","--","No","00:03:13,2","11","00:36:13","00:36:36","5","15"
Running,2024-01-01 15:00:55,false,"Hamburg Laufen","5,46","600","00:36:41","152","164","--","153","162","6:43","5:41","15","17","0,97","--","--","--","--","--","0,0","--","--","5.608","--","No","00:03:05,5","11","00:36:28","00:36:52","5","17"
Running,2023-12-10 15:14:36,false,"Hamburg Laufen","5,40","507","00:35:19","141","151","--","155","164","6:32","5:21","6","6","0,99","--","--","--","--","--","0,0","--","--","5.468","--","No","00:02:42,1","11","00:35:02","00:35:55","5","16"
Running,2023-12-08 09:42:08,false,"Hamburg Laufen","9,46","949","01:03:29","147","160","--","155","170","6:43","4:47","14","12","0,96","--","--","--","--","--","0,0","--","--","9.820","--","No","00:02:58,0","19","01:03:16","01:04:49","5","20"
Running,2023-12-05 11:12:24,false,"Hamburg Laufen","9,44","978","01:05:13","149","160","--","151","160","6:55","5:33","19","18","0,96","--","--","--","--","--","0,0","--","--","9.824","--","No","00:03:08,4","19","01:04:57","01:06:39","5","20"
Running,2023-12-04 13:40:55,false,"Hamburg Laufen","9,41","988","01:04:08","150","166","--","154","169","6:49","6:10","20","18","0,96","--","--","--","--","--","0,0","--","--","9.854","--","No","00:02:50,2","19","01:03:32","01:05:14","5","20"
Running,2023-11-23 13:31:49,false,"Hamburg Laufen","10,38","1.017","01:07:51","148","161","--","154","185","6:32","5:20","29","29","0,99","--","--","--","--","--","0,0","--","--","10.468","--","No","00:02:31,8","21","01:07:26","01:10:14","5","24"
Running,2023-11-22 15:16:22,false,"Hamburg Laufen","8,52","787","00:55:51","143","159","--","154","167","6:33","5:33","28","29","0,99","--","--","--","--","--","0,0","--","--","8.612","--","No","00:00:12,6","18","00:54:56","00:57:43","5","20"
Running,2023-11-21 13:31:52,false,"Hamburg Laufen","7,90","713","00:51:30","140","151","--","153","166","6:31","1:48","16","17","1,00","--","--","--","--","--","0,0","--","--","7.902","--","No","00:02:40,5","16","00:50:47","00:53:42","5","18"
Running,2023-11-20 09:49:21,false,"Hamburg Laufen","5,49","557","00:35:45","147","160","--","154","166","6:31","5:30","5","6","1,00","--","--","--","--","--","0,0","--","--","5.506","--","No","00:03:01,5","11","00:35:21","00:36:36","5","16"
Running,2023-11-10 10:46:32,false,"Hamburg Laufen","11,13","1.054","01:11:43","147","164","--","155","176","6:27","5:40","41","39","1,00","--","--","--","--","--","0,0","--","--","11.084","--","No","00:00:52,2","23","01:11:05","01:13:16","5","24"
Running,2023-11-09 12:31:57,false,"Hamburg Laufen","11,14","988","01:12:10","142","159","--","154","169","6:29","4:23","35","35","1,00","--","--","--","--","--","0,0","--","--","11.094","--","No","00:00:58,1","23","01:11:26","01:13:55","5","24"
Running,2023-11-08 12:23:28,false,"Hamburg Laufen","11,15","965","01:13:11","140","155","--","154","173","6:34","5:39","33","32","0,99","--","--","--","--","--","0,0","--","--","11.248","--","No","00:01:03,9","23","01:12:46","01:15:44","5","24"
Running,2023-11-07 11:34:50,false,"Hamburg Laufen","8,62","772","00:56:43","140","150","--","153","165","6:35","5:42","36","39","1,00","--","--","--","--","--","0,0","--","--","8.658","--","No","00:00:51,6","18","00:56:38","00:57:28","5","20"
Running,2023-11-05 17:08:10,false,"Hamburg Laufen","10,43","950","01:09:48","141","157","--","151","167","6:42","4:49","34","32","0,99","--","--","--","--","--","0,0","--","--","10.518","--","No","00:02:45,0","21","01:09:21","01:10:21","5","24"
Running,2023-11-04 10:11:32,false,"Hamburg Laufen","11,21","1.037","01:14:24","143","159","--","155","190","6:38","5:51","45","44","0,97","--","--","--","--","--","0,0","--","--","11.518","--","No","00:01:22,9","23","01:14:03","01:15:35","5","24"
Running,2023-11-03 13:33:50,false,"Hamburg Laufen","10,46","943","01:10:36","140","158","--","151","170","6:45","4:11","41","40","0,98","--","--","--","--","--","0,0","--","--","10.636","--","No","00:03:08,6","21","01:09:50","01:12:17","5","24"
Running,2023-10-27 12:54:55,false,"Hamburg Laufen","10,40","853","01:08:02","137","148","--","153","170","6:33","3:40","42","40","1,00","--","--","--","--","--","0,0","--","--","10.432","--","No","00:02:26,1","21","01:07:11","01:10:56","'-1","24"
Running,2023-10-25 07:15:50,false,"Hamburg Laufen","7,91","669","00:53:05","135","148","--","152","165","6:43","6:00","16","15","0,98","--","--","--","--","--","0,0","--","--","8.096","--","No","00:02:47,8","16","00:52:21","00:54:37","5","18"
Running,2023-10-22 13:39:58,false,"Hamburg Laufen","5,43","475","00:34:05","139","149","--","155","167","6:16","5:21","18","20","1,03","--","--","--","--","--","0,0","--","--","5.298","--","No","00:02:46,1","11","00:33:43","00:35:05","5","16"
Running,2023-10-21 16:41:30,false,"Hamburg Laufen","5,37","472","00:35:05","137","148","--","153","167","6:32","5:23","1","2","1,00","--","--","--","--","--","0,0","--","--","5.364","--","No","00:02:28,6","11","00:34:50","00:36:38","5","16"
Running,2023-10-20 12:17:38,false,"Hamburg Laufen","11,17","1.007","01:11:51","145","156","--","154","164","6:26","5:47","34","33","1,01","--","--","--","--","--","0,0","--","--","11.042","--","No","00:01:05,6","23","01:11:12","01:13:37","5","24"
Running,2023-10-18 07:07:12,false,"Hamburg Laufen","11,12","944","01:13:03","140","154","--","154","186","6:34","4:43","35","34","0,99","--","--","--","--","--","0,0","--","--","11.264","--","No","00:00:46,3","23","01:12:20","01:14:43","5","23"
Running,2023-10-17 07:02:50,false,"Hamburg Laufen","10,39","906","01:07:52","141","156","--","154","165","6:32","5:17","32","30","1,00","--","--","--","--","--","0,0","--","--","10.424","--","No","00:02:27,6","21","01:07:11","01:10:33","5","23"
Running,2023-10-14 14:29:38,false,"Hamburg Laufen","11,11","985","01:11:49","145","160","--","154","173","6:28","4:52","38","38","1,00","--","--","--","--","--","0,0","--","--","11.070","--","No","00:00:47,1","23","01:10:50","01:14:02","5","24"
Running,2023-10-13 11:52:37,false,"Hamburg Laufen","10,40","962","01:07:55","146","165","--","152","168","6:32","4:54","41","39","1,00","--","--","--","--","--","0,0","--","--","10.348","--","No","00:02:24,3","21","01:06:52","01:10:18","5","24"
